contractor_id,avg_cost_overrun_pct,avg_delay_days,on_time_delivery_rate,ghost_billing_flags,litigation_count,shell_risk_score,solvency_score,max_budget_handled_cr,budget_scale_ratio,blacklisted,is_fraud_or_default,eligibility_tier
1,0.22,24.8,0.934,0,0,1.3,97.3,424.6,0.49,0,0,APPROVED
2,5.53,11.4,0.874,0,0,7.0,81.7,325.33,0.43,0,0,APPROVED
3,1.24,0.0,0.889,0,0,9.3,76.1,323.4,0.45,0,0,APPROVED
4,4.49,11.0,0.967,0,0,10.6,85.1,104.92,0.75,0,0,APPROVED
5,2.43,25.8,0.857,0,0,8.7,79.3,486.31,1.0,0,0,APPROVED
6,61.1,233.1,0.368,5,3,71.5,16.2,19.76,2.68,0,1,DISQUALIFIED
7,14.53,79.2,0.467,0,1,44.6,59.3,9.97,2.53,0,1,DISQUALIFIED
8,29.34,146.1,0.673,0,1,25.8,42.9,26.58,5.93,0,1,DISQUALIFIED
9,2.56,13.8,0.979,0,0,13.4,85.9,103.82,0.94,0,0,APPROVED
10,19.02,162.3,0.614,0,2,27.8,40.6,7.7,2.67,0,1,DISQUALIFIED
11,18.55,20.0,0.682,0,2,15.7,56.5,43.18,0.96,0,0,CONDITIONAL
12,52.29,250.1,0.396,4,5,71.2,39.1,26.18,4.27,1,1,DISQUALIFIED
13,2.36,14.5,0.984,0,1,1.1,86.7,237.83,0.5,0,0,APPROVED
14,2.27,26.8,0.912,0,0,8.3,91.2,213.63,1.17,0,0,APPROVED
15,47.78,119.6,0.173,2,5,81.6,16.4,18.36,4.65,0,1,DISQUALIFIED
16,0.52,25.1,0.92,0,0,10.4,92.5,156.94,0.96,0,0,APPROVED
17,6.51,40.9,0.876,0,0,5.5,79.3,68.35,0.83,0,0,APPROVED
18,18.46,65.2,0.671,0,2,14.4,68.8,50.94,1.74,0,0,CONDITIONAL
19,1.04,15.2,0.961,0,0,8.8,87.2,158.83,0.38,0,0,APPROVED
20,33.23,235.6,0.358,3,4,89.0,39.2,36.61,4.16,1,1,DISQUALIFIED
21,3.73,9.3,1.0,0,0,4.1,91.4,156.76,0.59,0,0,APPROVED
22,32.74,143.7,0.621,0,2,17.8,49.2,11.63,3.84,0,1,DISQUALIFIED
23,58.54,205.6,0.401,3,4,81.3,20.3,31.67,2.27,0,1,DISQUALIFIED
24,21.23,61.9,0.759,1,3,31.3,60.9,50.81,1.65,0,1,DISQUALIFIED
25,3.54,1.3,0.929,0,0,2.4,89.1,495.52,0.43,0,0,APPROVED
26,20.31,73.9,0.745,0,2,19.0,60.9,84.75,1.61,0,0,CONDITIONAL
27,48.29,272.3,0.424,3,5,91.3,39.0,20.14,2.63,0,1,DISQUALIFIED
28,18.04,64.0,0.657,0,1,24.8,55.6,22.99,1.62,0,0,CONDITIONAL
29,3.16,3.8,0.884,0,0,2.2,76.2,289.11,0.79,0,0,APPROVED
30,22.08,20.0,0.715,0,1,21.0,56.6,22.03,1.76,0,0,CONDITIONAL
31,20.28,168.1,0.547,0,2,36.4,56.5,12.0,7.75,0,1,DISQUALIFIED
32,24.82,184.3,0.683,0,1,25.7,58.9,5.36,3.14,0,1,DISQUALIFIED
33,2.41,48.1,0.919,0,0,3.4,85.0,229.33,0.85,0,0,APPROVED
34,12.4,61.8,0.663,0,2,31.4,68.2,33.03,0.87,0,0,CONDITIONAL
35,18.42,55.4,0.709,0,2,21.5,65.9,95.32,1.19,0,0,CONDITIONAL
36,55.95,190.8,0.301,3,5,65.8,37.0,18.46,1.65,1,1,DISQUALIFIED
37,20.17,79.5,0.65,0,2,30.2,74.8,53.01,1.17,0,0,CONDITIONAL
38,36.77,129.1,0.56,1,2,37.5,58.9,7.58,7.46,0,1,DISQUALIFIED
39,14.86,88.7,0.681,0,3,12.3,61.4,96.0,1.75,0,0,CONDITIONAL
40,23.12,44.5,0.85,0,1,26.8,70.0,83.33,1.59,0,0,CONDITIONAL
41,1.25,19.9,0.815,0,1,5.9,77.7,114.35,0.99,0,0,APPROVED
42,28.62,54.2,0.716,1,2,12.0,56.7,98.93,1.17,0,1,DISQUALIFIED
43,1.2,16.8,0.936,0,0,13.7,77.6,271.68,0.31,0,0,APPROVED
44,26.85,73.1,0.634,0,2,34.1,62.5,42.86,1.67,0,1,DISQUALIFIED
45,3.17,34.8,0.944,0,0,9.8,91.0,254.54,0.86,0,0,APPROVED
46,18.33,62.2,0.778,0,1,14.7,64.3,48.27,1.38,0,0,CONDITIONAL
47,3.85,48.1,0.968,0,0,3.3,96.0,420.14,1.15,0,0,APPROVED
48,22.23,63.8,0.75,1,3,16.4,40.7,14.41,6.96,0,1,DISQUALIFIED
49,51.55,154.2,0.314,4,5,80.5,26.2,18.2,1.41,1,1,DISQUALIFIED
50,27.14,163.1,0.611,1,3,22.4,51.3,8.23,7.75,0,1,DISQUALIFIED
51,22.27,36.9,0.577,0,2,23.0,70.4,61.61,1.65,0,0,CONDITIONAL
52,25.67,90.7,0.713,0,1,10.7,70.1,69.62,1.5,0,1,DISQUALIFIED
53,5.65,0.0,0.861,0,1,5.9,86.8,402.64,0.66,0,0,APPROVED
54,5.76,22.4,0.696,0,3,22.3,61.6,70.67,1.04,0,0,CONDITIONAL
55,0.25,27.3,0.957,0,0,10.3,79.0,136.53,0.34,0,0,APPROVED
56,2.27,7.8,0.892,0,0,2.7,85.6,142.85,0.63,0,0,APPROVED
57,17.39,66.1,0.741,0,3,33.0,56.2,42.15,1.61,0,0,CONDITIONAL
58,40.05,91.4,0.522,0,2,33.5,49.2,16.56,6.61,0,1,DISQUALIFIED
59,5.13,5.2,0.921,0,0,2.5,85.3,289.68,0.52,0,0,APPROVED
60,5.42,17.2,0.918,0,0,4.0,82.5,103.89,1.1,0,0,APPROVED
61,24.33,81.3,0.63,0,2,28.6,63.6,30.21,1.08,0,0,CONDITIONAL
62,2.99,33.9,1.0,0,0,14.8,88.9,156.75,0.39,0,0,APPROVED
63,1.37,12.7,0.89,0,0,13.6,76.8,286.03,0.67,0,0,APPROVED
64,37.63,205.7,0.189,5,7,92.0,22.0,15.13,3.74,1,1,DISQUALIFIED
65,7.98,78.6,0.647,0,1,22.7,59.8,29.19,1.41,0,0,CONDITIONAL
66,4.43,2.9,0.933,0,0,8.5,76.2,201.47,0.42,0,0,APPROVED
67,1.5,31.4,0.975,0,0,7.6,84.5,206.99,1.14,0,0,APPROVED
68,35.72,115.9,0.589,0,1,37.2,54.4,26.05,3.27,0,1,DISQUALIFIED
69,23.12,94.9,0.619,0,2,25.8,61.9,14.81,6.99,0,1,DISQUALIFIED
70,1.95,9.9,0.808,0,0,11.5,86.6,154.5,1.11,0,0,APPROVED
71,5.23,21.4,0.876,0,1,9.8,82.7,112.67,1.01,0,0,APPROVED
72,19.72,89.1,0.707,0,1,17.8,60.0,79.52,0.83,0,0,CONDITIONAL
73,20.87,73.3,0.783,0,2,13.2,62.9,83.78,0.95,0,0,CONDITIONAL
74,1.72,34.5,0.969,0,0,10.7,87.5,163.31,0.61,0,0,APPROVED
75,3.43,32.5,0.875,0,1,3.1,88.5,277.65,0.85,0,0,APPROVED
76,0.0,46.7,0.95,0,1,10.9,78.5,309.33,0.85,0,0,APPROVED
77,3.46,21.5,0.915,0,0,14.8,94.3,106.1,1.13,0,0,APPROVED
78,57.37,372.3,0.332,3,3,76.1,36.7,10.14,2.47,0,1,DISQUALIFIED
79,16.62,80.7,0.802,0,1,21.3,57.8,34.11,1.3,0,0,CONDITIONAL
80,0.95,16.5,0.955,0,0,9.9,75.3,348.59,0.46,0,0,APPROVED
81,44.77,153.6,0.5,2,5,71.9,39.2,16.15,1.92,0,1,DISQUALIFIED
82,18.36,47.2,0.709,0,1,23.1,63.8,52.06,1.36,0,0,CONDITIONAL
83,3.72,16.2,0.913,0,0,10.0,84.4,61.42,0.44,0,0,APPROVED
84,33.28,106.9,0.583,0,1,35.2,40.5,7.6,6.9,0,1,DISQUALIFIED
85,0.0,30.7,0.908,0,0,13.0,94.1,228.73,0.9,0,0,APPROVED
86,2.06,28.9,0.905,0,0,2.2,79.8,61.94,0.46,0,0,APPROVED
87,23.54,60.4,0.658,0,1,24.8,60.4,69.93,1.21,0,0,CONDITIONAL
88,24.29,21.2,0.656,1,2,13.5,72.4,58.99,1.69,0,1,DISQUALIFIED
89,24.36,108.0,0.611,0,1,19.2,60.9,29.61,5.39,0,1,DISQUALIFIED
90,0.0,0.0,0.948,0,0,10.1,94.1,142.89,0.31,0,0,APPROVED
91,7.05,43.6,0.87,0,1,6.9,83.8,283.51,0.34,0,0,APPROVED
92,4.28,14.8,0.93,0,0,4.4,84.0,179.91,0.62,0,0,APPROVED
93,33.74,48.6,0.75,1,2,21.4,40.8,11.56,5.77,0,1,DISQUALIFIED
94,2.24,58.4,0.915,0,0,11.8,77.5,83.81,0.96,0,0,APPROVED
95,14.24,110.3,0.757,0,2,16.8,66.8,48.88,0.89,0,0,CONDITIONAL
96,41.25,140.8,0.257,3,7,89.2,36.8,29.76,3.83,1,1,DISQUALIFIED
97,0.0,19.1,0.961,0,0,10.8,81.8,465.98,1.17,0,0,APPROVED
98,49.61,287.7,0.272,4,4,92.4,16.0,27.89,2.07,0,1,DISQUALIFIED
99,0.39,39.2,0.907,0,0,8.6,93.2,193.44,0.86,0,0,APPROVED
100,49.62,139.0,0.339,2,7,65.7,38.6,25.87,4.77,1,1,DISQUALIFIED
101,62.68,179.0,0.229,3,7,97.5,35.7,22.53,2.8,1,1,DISQUALIFIED
102,0.0,15.5,0.88,0,0,5.1,80.4,68.94,0.32,0,0,APPROVED
103,30.0,147.6,0.173,5,5,68.0,26.3,36.37,4.79,1,1,DISQUALIFIED
104,22.1,94.2,0.83,0,1,14.4,59.4,34.92,1.58,0,0,CONDITIONAL
105,6.55,11.4,0.878,0,0,4.1,80.1,291.64,0.83,0,0,APPROVED
106,20.83,49.7,0.669,1,3,31.6,71.2,72.42,1.35,0,1,DISQUALIFIED
107,0.0,1.1,0.964,0,0,2.1,80.1,357.47,0.37,0,0,APPROVED
108,36.59,90.0,0.193,3,5,76.5,33.3,26.97,2.21,1,1,DISQUALIFIED
109,37.33,124.8,0.621,0,2,35.4,55.5,23.82,3.37,0,1,DISQUALIFIED
110,56.58,210.0,0.295,3,5,70.3,37.1,34.96,3.13,0,1,DISQUALIFIED
111,3.48,20.7,0.852,0,0,8.6,92.9,98.14,0.98,0,0,APPROVED
112,22.48,62.6,0.722,0,3,12.6,73.7,75.03,0.87,0,0,CONDITIONAL
113,2.09,22.6,0.83,0,0,1.6,95.0,488.07,1.17,0,0,APPROVED
114,37.65,122.8,0.527,0,1,24.7,52.2,24.26,6.26,0,1,DISQUALIFIED
115,0.0,0.0,0.942,0,0,4.1,76.9,356.22,0.89,0,0,APPROVED
116,1.74,29.8,0.915,0,0,9.9,84.1,173.4,1.19,0,0,APPROVED
117,2.4,25.3,0.857,0,1,7.6,97.3,133.49,1.08,0,0,APPROVED
118,42.44,129.9,0.625,0,2,18.9,40.8,28.02,5.89,0,1,DISQUALIFIED
119,17.69,108.3,0.617,0,1,29.7,41.6,19.55,3.98,0,1,DISQUALIFIED
120,20.43,94.4,0.4,0,1,26.8,52.0,20.0,4.1,0,1,DISQUALIFIED
121,20.23,77.0,0.698,0,1,34.7,57.8,59.91,1.42,0,0,CONDITIONAL
122,22.29,102.3,0.583,0,2,17.6,48.8,5.83,2.93,0,1,DISQUALIFIED
123,3.49,4.1,0.969,0,0,3.3,77.4,336.39,0.94,0,0,APPROVED
124,4.56,47.2,0.938,0,1,11.0,93.4,202.75,1.03,0,0,APPROVED
125,3.29,34.3,0.91,0,0,8.4,91.8,86.73,0.35,0,0,APPROVED
126,6.29,4.5,0.894,0,0,10.2,86.5,299.91,0.95,0,0,APPROVED
127,0.18,28.5,0.895,0,0,4.6,85.6,440.72,0.95,0,0,APPROVED
128,30.12,44.7,0.49,0,3,16.2,61.7,19.47,4.91,0,1,DISQUALIFIED
129,38.79,108.7,0.563,0,2,42.4,45.3,20.57,5.97,0,1,DISQUALIFIED
130,36.84,124.1,0.511,1,1,22.1,64.3,9.52,7.2,0,1,DISQUALIFIED
131,21.26,55.7,0.762,0,2,14.1,62.8,97.55,1.06,0,0,CONDITIONAL
132,5.0,92.7,0.643,0,3,21.3,59.7,25.88,0.97,0,0,CONDITIONAL
133,23.98,52.7,0.575,0,2,14.2,58.4,22.93,1.54,0,0,CONDITIONAL
134,15.43,95.4,0.693,1,2,31.7,59.1,28.95,1.07,0,1,DISQUALIFIED
135,4.82,20.8,0.957,0,0,8.1,76.0,116.75,1.19,0,0,APPROVED
136,47.03,275.0,0.315,3,4,81.1,33.0,14.19,1.31,0,1,DISQUALIFIED
137,34.13,73.1,0.518,1,1,35.8,61.0,28.62,6.26,0,1,DISQUALIFIED
138,29.48,89.1,0.725,0,1,33.3,68.8,74.12,1.02,0,1,DISQUALIFIED
139,27.8,36.3,0.724,1,1,34.4,63.1,89.66,1.58,0,1,DISQUALIFIED
140,13.47,79.1,0.728,0,1,26.7,71.2,80.98,1.6,0,0,CONDITIONAL
141,2.62,21.9,0.911,0,0,6.1,84.1,362.96,0.65,0,0,APPROVED
142,3.04,10.4,0.854,0,0,2.0,88.9,350.7,0.86,0,0,APPROVED
143,23.89,56.9,0.55,0,1,19.5,63.0,66.41,1.33,0,0,CONDITIONAL
144,31.75,82.0,0.746,0,3,10.5,58.9,20.61,1.45,0,1,DISQUALIFIED
145,49.25,216.2,0.205,3,4,74.4,23.3,34.09,3.25,0,1,DISQUALIFIED
146,16.32,40.3,0.775,0,1,14.5,68.6,34.52,1.33,0,0,CONDITIONAL
147,29.6,77.2,0.72,0,1,34.0,63.8,20.04,7.01,0,1,DISQUALIFIED
148,47.1,177.9,0.214,3,4,92.7,39.3,20.6,2.1,1,1,DISQUALIFIED
149,2.26,38.7,0.886,0,0,7.3,88.5,125.61,0.96,0,0,APPROVED
150,51.35,208.9,0.267,2,5,85.0,29.8,16.96,2.69,1,1,DISQUALIFIED
151,13.18,106.0,0.834,0,3,13.2,57.1,77.95,1.38,0,0,CONDITIONAL
152,1.62,3.5,0.884,0,0,2.0,86.9,80.43,1.02,0,0,APPROVED
153,5.58,21.6,0.943,0,0,5.7,90.4,497.36,0.9,0,0,APPROVED
154,30.71,58.5,0.838,0,2,33.9,58.5,75.2,1.0,0,1,DISQUALIFIED
155,17.33,42.4,0.641,0,2,33.2,59.7,51.95,0.95,0,0,CONDITIONAL
156,62.83,224.4,0.358,4,4,85.6,17.4,32.66,1.69,1,1,DISQUALIFIED
157,17.29,78.9,0.51,1,2,24.2,49.9,16.18,5.8,0,1,DISQUALIFIED
158,16.57,64.8,0.767,1,3,15.2,73.6,29.31,1.62,0,1,DISQUALIFIED
159,4.42,29.0,0.895,0,0,3.4,91.0,205.74,1.18,0,0,APPROVED
160,16.58,59.4,0.716,1,3,22.2,67.1,81.18,0.97,0,1,DISQUALIFIED
161,11.61,57.4,0.651,0,1,34.1,66.0,97.27,1.23,0,0,CONDITIONAL
162,2.53,0.0,0.935,0,0,10.0,80.0,328.81,0.89,0,0,APPROVED
163,1.28,19.1,0.892,0,0,5.2,77.3,361.47,0.36,0,0,APPROVED
164,15.53,26.6,0.773,0,2,20.7,57.6,90.93,1.25,0,0,CONDITIONAL
165,0.07,0.0,0.947,0,0,1.2,84.6,266.6,0.32,0,0,APPROVED
166,4.9,11.8,0.94,0,0,4.0,75.3,158.54,1.18,0,0,APPROVED
167,27.85,130.3,0.592,0,3,17.9,52.2,8.75,4.29,0,1,DISQUALIFIED
168,18.27,40.0,0.536,0,2,38.6,62.3,28.88,6.83,0,1,DISQUALIFIED
169,1.49,47.4,0.954,0,0,13.6,85.6,336.74,0.89,0,0,APPROVED
170,42.15,298.1,0.436,2,4,70.0,34.9,25.37,3.78,0,1,DISQUALIFIED
171,2.09,22.8,0.853,0,0,11.8,90.2,133.34,0.46,0,0,APPROVED
172,0.57,37.8,0.956,0,0,1.3,76.9,485.54,0.57,0,0,APPROVED
173,13.78,162.5,0.548,0,2,34.3,53.3,6.05,7.83,0,1,DISQUALIFIED
174,25.49,160.9,0.75,0,3,34.7,43.2,13.46,7.6,0,1,DISQUALIFIED
175,0.39,0.0,1.0,0,1,4.4,77.8,138.86,1.1,0,0,APPROVED
176,11.38,86.5,0.653,1,2,33.0,60.0,80.4,1.26,0,1,DISQUALIFIED
177,36.89,135.7,0.476,0,3,43.1,41.1,9.12,3.22,0,1,DISQUALIFIED
178,33.03,91.5,0.639,0,3,37.0,53.6,19.76,5.3,0,1,DISQUALIFIED
179,7.53,29.4,0.936,0,0,3.2,85.6,54.2,0.52,0,0,APPROVED
180,37.0,155.1,0.538,0,2,37.0,55.4,9.7,4.45,0,1,DISQUALIFIED
181,26.66,110.5,0.502,1,1,24.8,43.7,12.64,7.32,0,1,DISQUALIFIED
182,55.78,171.0,0.1,4,7,84.6,25.6,22.38,3.84,0,1,DISQUALIFIED
183,25.0,50.7,0.714,0,2,11.6,66.6,64.92,1.36,0,0,CONDITIONAL
184,12.99,90.6,0.747,0,2,22.5,56.5,24.68,1.13,0,0,CONDITIONAL
185,37.48,133.9,0.4,0,1,28.0,42.2,10.52,5.79,0,1,DISQUALIFIED
186,36.01,74.2,0.75,0,2,18.6,50.2,26.0,4.61,0,1,DISQUALIFIED
187,10.48,73.7,0.587,0,1,30.8,60.5,61.45,1.1,0,0,CONDITIONAL
188,33.91,192.0,0.121,4,5,71.1,36.7,23.75,3.04,0,1,DISQUALIFIED
189,2.93,46.6,1.0,0,0,3.2,89.0,110.91,0.98,0,0,APPROVED
190,15.26,62.5,0.684,0,1,32.7,60.0,41.76,1.56,0,0,CONDITIONAL
191,1.68,19.8,0.925,0,0,5.9,95.7,59.82,0.9,0,0,APPROVED
192,34.43,262.1,0.29,2,4,73.6,34.7,39.44,2.17,1,1,DISQUALIFIED
193,0.0,56.2,0.924,0,0,2.6,78.5,151.39,0.53,0,0,APPROVED
194,52.17,281.1,0.5,2,7,88.9,16.8,31.24,3.27,0,1,DISQUALIFIED
195,10.4,63.6,0.664,0,2,23.6,56.2,61.0,1.61,0,0,CONDITIONAL
196,30.06,48.9,0.636,0,1,28.9,65.4,36.39,1.68,0,1,DISQUALIFIED
197,43.67,250.7,0.312,4,3,67.2,27.5,37.28,3.25,1,1,DISQUALIFIED
198,2.92,35.6,0.945,0,0,11.9,97.2,141.69,0.77,0,0,APPROVED
199,3.91,40.5,0.979,0,0,13.8,87.3,121.08,0.93,0,0,APPROVED
200,33.37,139.2,0.537,1,1,44.5,43.5,10.05,3.51,0,1,DISQUALIFIED
201,36.54,245.4,0.486,2,7,91.5,28.6,39.01,2.79,1,1,DISQUALIFIED
202,11.59,38.4,0.734,1,1,14.1,55.3,64.78,1.33,0,1,DISQUALIFIED
203,19.95,130.9,0.607,0,2,24.4,51.8,25.54,5.03,0,1,DISQUALIFIED
204,3.76,39.5,0.919,0,0,3.4,91.4,421.69,0.39,0,0,APPROVED
205,2.02,6.2,1.0,0,0,9.7,83.1,428.65,0.72,0,0,APPROVED
206,44.13,165.8,0.312,4,4,87.6,16.9,15.25,4.45,0,1,DISQUALIFIED
207,36.71,62.9,0.593,0,1,16.0,47.6,21.33,7.66,0,1,DISQUALIFIED
208,71.27,263.4,0.347,4,4,94.9,33.1,26.81,1.62,1,1,DISQUALIFIED
209,18.84,92.5,0.72,0,1,11.1,69.8,93.45,1.08,0,0,CONDITIONAL
210,47.24,250.8,0.254,4,5,65.6,41.0,31.8,2.36,1,1,DISQUALIFIED
211,3.92,47.6,0.909,0,0,7.6,81.9,319.26,0.57,0,0,APPROVED
212,2.13,34.3,1.0,0,1,3.6,76.8,157.78,1.02,0,0,APPROVED
213,3.18,37.4,0.874,0,0,13.7,90.4,423.18,1.09,0,0,APPROVED
214,19.43,20.0,0.754,0,1,29.3,67.0,91.4,1.24,0,0,CONDITIONAL
215,25.33,108.7,0.619,0,1,19.6,64.8,72.18,1.75,0,1,DISQUALIFIED
216,22.7,66.1,0.836,0,1,16.4,62.2,57.8,0.85,0,0,CONDITIONAL
217,2.45,0.0,0.943,0,0,3.9,86.9,52.48,0.31,0,0,APPROVED
218,0.0,36.3,0.891,0,0,8.2,81.8,469.29,0.66,0,0,APPROVED
219,0.78,24.0,0.925,0,1,7.9,91.2,496.77,0.42,0,0,APPROVED
220,0.0,0.0,0.827,0,0,13.7,91.4,323.56,0.58,0,0,APPROVED
221,29.45,88.5,0.509,0,2,26.1,43.0,15.47,6.63,0,1,DISQUALIFIED
222,3.86,16.6,0.887,0,1,10.4,90.6,212.86,0.83,0,0,APPROVED
223,4.77,23.5,0.968,0,0,2.7,95.8,79.9,0.78,0,0,APPROVED
224,3.72,19.5,0.91,0,0,7.8,88.3,69.68,0.41,0,0,APPROVED
225,25.59,43.3,0.778,0,1,26.8,60.5,44.51,1.59,0,1,DISQUALIFIED
226,4.07,27.9,0.944,0,1,13.8,84.9,193.49,0.82,0,0,APPROVED
227,6.96,31.7,0.871,0,0,7.0,78.3,450.54,0.61,0,0,APPROVED
228,6.71,20.7,0.912,0,0,5.8,76.6,234.33,0.58,0,0,APPROVED
229,8.23,96.8,0.85,0,1,10.7,65.1,97.12,1.18,0,0,CONDITIONAL
230,1.84,18.7,0.901,0,0,1.3,92.4,256.34,0.56,0,0,APPROVED
231,56.36,200.0,0.397,5,4,96.7,25.5,21.57,2.49,1,1,DISQUALIFIED
232,3.92,46.0,1.0,0,0,12.7,85.1,186.05,0.53,0,0,APPROVED
233,2.58,12.9,0.821,0,0,2.9,85.2,331.81,0.74,0,0,APPROVED
234,4.87,36.5,1.0,0,0,3.8,84.1,67.76,0.73,0,0,APPROVED
235,19.52,76.7,0.787,0,2,13.1,70.9,42.06,1.68,0,0,CONDITIONAL
236,49.18,212.5,0.163,5,4,93.5,30.9,21.26,2.29,0,1,DISQUALIFIED
237,30.4,40.0,0.75,1,3,27.2,60.7,24.11,5.65,0,1,DISQUALIFIED
238,44.76,208.2,0.265,4,4,92.9,39.1,11.87,4.56,1,1,DISQUALIFIED
239,21.94,69.9,0.699,0,2,27.3,57.7,43.95,1.16,0,0,CONDITIONAL
240,24.11,78.7,0.512,1,1,44.9,56.9,25.71,4.12,0,1,DISQUALIFIED
241,4.81,27.7,0.888,0,0,11.8,90.1,394.75,1.06,0,0,APPROVED
242,20.59,64.3,0.629,0,1,20.2,56.3,47.91,0.91,0,0,CONDITIONAL
243,28.3,131.3,0.534,0,2,36.2,41.3,6.82,4.72,0,1,DISQUALIFIED
244,2.45,8.5,0.873,0,0,14.0,84.3,457.75,0.59,0,0,APPROVED
245,21.81,34.0,0.705,0,2,13.1,72.8,60.25,1.25,0,0,CONDITIONAL
246,19.66,48.8,0.715,0,1,27.8,71.5,84.32,1.35,0,0,CONDITIONAL
247,20.35,52.3,0.698,0,1,25.7,56.1,79.89,1.12,0,0,CONDITIONAL
248,0.0,10.6,0.921,0,0,10.9,76.4,427.7,0.3,0,0,APPROVED
249,0.85,36.9,0.906,0,0,12.8,82.2,405.02,1.1,0,0,APPROVED
250,1.06,16.6,0.958,0,1,2.3,90.8,272.22,0.65,0,0,APPROVED
251,21.13,44.6,0.715,0,3,27.6,61.0,28.43,1.58,0,0,CONDITIONAL
252,18.41,61.5,0.664,1,2,20.8,64.2,36.71,1.17,0,1,DISQUALIFIED
253,6.09,15.2,0.9,0,0,7.6,95.2,147.08,0.91,0,0,APPROVED
254,20.9,46.4,0.667,0,2,17.9,67.9,51.61,1.51,0,0,CONDITIONAL
255,2.18,29.0,0.893,0,0,8.2,81.2,425.97,0.31,0,0,APPROVED
256,2.59,16.6,0.87,0,0,6.7,87.2,317.81,0.31,0,0,APPROVED
257,18.13,78.7,0.606,0,2,23.0,74.5,30.04,0.82,0,0,CONDITIONAL
258,39.14,101.7,0.599,0,1,23.8,59.3,17.95,4.41,0,1,DISQUALIFIED
259,3.41,20.8,0.929,0,0,7.4,84.2,186.31,0.36,0,0,APPROVED
260,3.61,18.5,0.838,0,0,7.6,76.3,481.01,1.15,0,0,APPROVED
261,28.21,118.1,0.454,0,1,33.7,59.5,19.46,3.31,0,1,DISQUALIFIED
262,21.84,64.6,0.738,0,1,25.4,62.9,12.26,5.08,0,1,DISQUALIFIED
263,44.16,229.1,0.196,2,7,82.5,21.5,25.02,3.78,0,1,DISQUALIFIED
264,8.22,17.3,0.989,0,0,7.1,76.0,124.59,0.7,0,0,APPROVED
265,1.93,28.8,0.84,0,0,9.3,76.7,330.05,1.18,0,0,APPROVED
266,4.16,26.4,0.921,0,0,3.3,86.0,373.25,0.52,0,0,APPROVED
267,12.26,76.8,0.819,0,1,10.2,62.1,94.1,1.03,0,0,CONDITIONAL
268,20.13,47.6,0.613,1,2,12.4,63.6,22.33,1.28,0,1,DISQUALIFIED
269,15.85,48.8,0.76,1,1,29.0,62.4,51.4,1.55,0,1,DISQUALIFIED
270,45.83,226.0,0.339,3,5,73.3,30.2,20.76,3.7,0,1,DISQUALIFIED
271,0.0,20.5,0.931,0,0,14.3,88.4,246.48,0.82,0,0,APPROVED
272,16.86,44.9,0.777,0,3,33.7,72.9,53.56,1.58,0,0,CONDITIONAL
273,9.29,64.7,0.6,0,3,15.2,56.4,25.52,1.74,0,0,CONDITIONAL
274,20.18,96.6,0.67,1,1,27.3,70.4,72.37,0.95,0,1,DISQUALIFIED
275,30.0,239.2,0.23,2,5,65.0,26.2,25.68,1.41,1,1,DISQUALIFIED
276,2.8,3.7,0.866,0,0,1.0,91.8,485.08,0.5,0,0,APPROVED
277,22.0,76.6,0.562,0,2,30.4,58.6,49.68,1.7,0,0,CONDITIONAL
278,21.22,161.1,0.408,0,1,31.3,57.7,9.18,6.79,0,1,DISQUALIFIED
279,21.9,27.4,0.784,0,1,22.8,65.2,49.54,1.73,0,0,CONDITIONAL
280,18.02,147.9,0.68,0,3,35.8,58.2,26.54,4.01,0,1,DISQUALIFIED
281,22.42,71.5,0.624,0,2,43.4,52.4,14.51,3.4,0,1,DISQUALIFIED
282,35.79,85.1,0.724,0,3,15.3,57.6,29.26,4.91,0,1,DISQUALIFIED
283,5.23,28.6,0.945,0,0,8.1,91.5,438.19,0.46,0,0,APPROVED
284,28.5,40.0,0.69,0,3,19.7,47.7,12.25,7.29,0,1,DISQUALIFIED
285,14.1,84.3,0.789,1,3,10.3,68.5,24.15,1.35,0,1,DISQUALIFIED
286,7.84,4.6,0.852,0,0,5.7,91.9,232.04,0.36,0,0,APPROVED
287,22.64,50.2,0.468,0,1,43.3,56.0,21.79,5.98,0,1,DISQUALIFIED
288,6.09,42.8,0.895,0,0,4.9,81.4,244.41,1.18,0,0,APPROVED
289,0.0,21.2,0.996,0,0,6.9,83.0,228.93,0.54,0,0,APPROVED
290,1.47,0.0,0.914,0,0,10.2,97.3,321.64,0.37,0,0,APPROVED
291,2.79,22.8,0.93,0,0,10.1,81.2,56.8,1.17,0,0,APPROVED
292,0.97,37.8,0.971,0,0,5.4,81.2,318.95,1.08,0,0,APPROVED
293,45.42,236.6,0.446,4,4,65.5,30.7,17.59,2.91,1,1,DISQUALIFIED
294,4.81,14.2,0.941,0,0,14.7,77.3,53.74,0.69,0,0,APPROVED
295,3.79,22.8,0.84,0,0,11.1,75.2,315.25,0.85,0,0,APPROVED
296,15.37,85.2,0.622,0,1,31.9,69.8,21.1,1.05,0,0,CONDITIONAL
297,0.71,7.5,0.917,0,0,9.5,90.5,86.52,1.16,0,0,APPROVED
298,20.84,127.5,0.627,1,2,21.0,55.4,23.57,6.56,0,1,DISQUALIFIED
299,16.89,49.5,0.712,0,1,19.2,72.9,73.32,1.59,0,0,CONDITIONAL
300,22.6,31.5,0.755,0,1,21.1,68.0,94.9,0.86,0,0,CONDITIONAL
301,23.21,47.9,0.511,0,3,18.2,59.1,15.24,6.1,0,1,DISQUALIFIED
302,3.01,15.8,0.906,0,0,3.6,90.3,446.76,1.03,0,0,APPROVED
303,16.01,49.7,0.613,0,2,18.9,62.1,86.28,1.59,0,0,CONDITIONAL
304,0.94,2.8,0.852,0,0,14.2,95.2,96.16,0.65,0,0,APPROVED
305,9.6,65.4,0.733,1,3,28.7,63.8,68.84,0.96,0,1,DISQUALIFIED
306,23.08,78.9,0.627,0,1,14.1,55.0,77.5,1.53,0,0,CONDITIONAL
307,16.31,75.6,0.638,0,2,25.2,59.9,24.62,1.19,0,0,CONDITIONAL
308,2.28,35.3,1.0,0,0,7.0,87.4,363.39,0.93,0,0,APPROVED
309,0.0,20.1,0.936,0,0,2.6,88.9,102.74,0.6,0,0,APPROVED
310,5.31,5.1,0.953,0,0,13.5,79.7,278.51,0.68,0,0,APPROVED
311,9.55,3.3,0.993,0,0,1.1,91.6,291.05,1.05,0,0,APPROVED
312,37.97,108.1,0.702,0,2,28.5,44.6,26.37,7.35,0,1,DISQUALIFIED
313,16.89,47.5,0.678,0,3,11.7,68.0,25.93,1.18,0,0,CONDITIONAL
314,37.41,44.3,0.642,0,1,26.2,41.7,14.24,5.05,0,1,DISQUALIFIED
315,40.89,143.9,0.559,0,3,38.2,53.7,6.66,6.72,0,1,DISQUALIFIED
316,30.66,82.6,0.763,1,2,13.5,68.4,69.64,1.54,0,1,DISQUALIFIED
317,3.38,18.2,0.938,0,0,9.4,90.0,450.11,0.82,0,0,APPROVED
318,19.31,62.7,0.603,0,1,15.1,61.3,39.32,1.01,0,0,CONDITIONAL
319,3.04,33.5,0.875,0,0,10.2,93.3,172.38,0.92,0,0,APPROVED
320,6.8,22.6,0.948,0,0,4.8,79.4,362.59,0.5,0,0,APPROVED
321,23.09,34.2,0.744,0,1,12.2,69.0,49.47,1.23,0,0,CONDITIONAL
322,4.56,15.0,0.945,0,0,1.5,90.3,195.36,1.11,0,0,APPROVED
323,56.05,202.5,0.233,3,3,68.1,42.0,19.8,4.04,1,1,DISQUALIFIED
324,55.74,214.2,0.23,2,3,76.9,36.2,26.99,2.39,1,1,DISQUALIFIED
325,6.34,29.4,0.974,0,0,13.1,88.5,311.43,1.19,0,0,APPROVED
326,48.2,171.9,0.531,0,1,32.9,63.2,28.23,4.38,0,1,DISQUALIFIED
327,21.75,87.1,0.653,0,2,26.9,62.5,95.34,0.97,0,0,CONDITIONAL
328,18.74,92.8,0.786,0,1,13.9,67.7,67.94,0.98,0,0,CONDITIONAL
329,47.87,91.4,0.546,0,2,33.3,57.5,25.95,6.92,0,1,DISQUALIFIED
330,52.11,161.2,0.5,3,3,83.9,22.5,37.64,3.42,1,1,DISQUALIFIED
331,0.98,17.8,0.967,0,1,10.2,79.9,438.35,1.1,0,0,APPROVED
332,3.65,6.6,0.97,0,0,15.0,75.7,453.81,0.86,0,0,APPROVED
333,62.31,212.8,0.262,2,7,92.0,38.0,38.14,1.52,0,1,DISQUALIFIED
334,1.79,10.1,0.885,0,0,4.8,77.3,125.37,0.43,0,0,APPROVED
335,30.0,192.2,0.219,2,3,69.3,21.9,20.66,3.76,0,1,DISQUALIFIED
336,5.63,14.3,0.937,0,0,13.1,78.6,87.23,0.74,0,0,APPROVED
337,6.38,24.2,0.932,0,0,3.0,89.4,173.14,0.74,0,0,APPROVED
338,0.34,0.0,0.9,0,0,1.8,84.6,256.29,0.95,0,0,APPROVED
339,24.78,82.0,0.667,0,2,34.7,72.8,49.72,1.0,0,0,CONDITIONAL
340,22.84,63.7,0.836,0,2,19.0,72.2,52.54,1.13,0,0,CONDITIONAL
341,15.05,73.6,0.721,0,1,26.1,59.6,64.21,1.17,0,0,CONDITIONAL
342,10.47,70.4,0.612,0,1,15.5,58.7,86.06,1.09,0,0,CONDITIONAL
343,48.81,246.7,0.245,4,4,67.9,30.0,35.35,4.22,0,1,DISQUALIFIED
344,12.02,47.9,0.646,1,1,16.6,55.0,89.65,1.59,0,1,DISQUALIFIED
345,14.18,76.5,0.55,0,1,33.0,55.8,43.32,1.01,0,0,CONDITIONAL
346,1.54,19.0,0.964,0,0,11.6,78.6,269.27,0.69,0,0,APPROVED
347,25.03,55.9,0.652,0,2,32.8,65.2,60.1,0.85,0,1,DISQUALIFIED
348,0.22,0.0,1.0,0,0,3.2,75.6,252.07,0.51,0,0,APPROVED
349,1.58,24.9,0.844,0,0,6.3,93.4,226.44,0.98,0,0,APPROVED
350,4.88,9.0,0.958,0,0,8.9,96.4,224.3,0.36,0,0,APPROVED
351,3.25,39.4,0.884,0,0,1.4,97.1,350.54,1.14,0,0,APPROVED
352,4.86,43.7,0.969,0,0,12.9,96.8,448.18,0.97,0,0,APPROVED
353,5.19,42.1,0.89,0,0,4.7,82.9,425.56,1.14,0,0,APPROVED
354,2.43,29.6,0.91,0,0,2.3,78.7,317.85,0.44,0,0,APPROVED
355,49.02,90.0,0.261,4,5,89.9,30.6,37.13,4.31,1,1,DISQUALIFIED
356,0.0,5.8,1.0,0,0,13.4,95.6,459.13,0.58,0,0,APPROVED
357,13.05,49.8,0.658,0,2,13.0,69.7,62.52,1.09,0,0,CONDITIONAL
358,11.66,84.5,0.57,0,1,12.9,65.9,92.19,1.14,0,0,CONDITIONAL
359,33.43,117.0,0.606,0,3,27.0,48.2,5.27,7.05,0,1,DISQUALIFIED
360,40.72,116.2,0.489,0,1,44.4,45.4,6.68,5.77,0,1,DISQUALIFIED
361,28.72,102.6,0.485,0,2,23.9,63.5,25.47,7.91,0,1,DISQUALIFIED
362,3.19,19.0,0.943,0,0,1.7,76.2,361.41,0.71,0,0,APPROVED
363,0.0,29.8,0.827,0,0,12.5,86.0,207.87,0.63,0,0,APPROVED
364,38.29,72.3,0.516,0,2,29.5,61.0,10.53,4.6,0,1,DISQUALIFIED
365,23.89,150.4,0.4,1,1,43.0,57.1,18.29,2.68,0,1,DISQUALIFIED
366,15.67,36.3,0.675,0,3,24.1,69.3,25.48,1.22,0,0,CONDITIONAL
367,4.53,22.4,0.891,0,0,8.7,84.3,425.14,1.03,0,0,APPROVED
368,19.35,30.7,0.643,0,1,20.3,68.5,72.65,0.87,0,0,CONDITIONAL
369,2.06,14.8,0.86,0,1,8.8,80.3,276.09,0.96,0,0,APPROVED
370,44.49,241.2,0.254,5,7,86.0,32.0,22.1,4.06,1,1,DISQUALIFIED
371,27.76,52.4,0.676,1,2,31.1,63.6,50.32,1.72,0,1,DISQUALIFIED
372,3.69,19.2,0.981,0,0,5.3,88.2,196.35,0.34,0,0,APPROVED
373,2.76,26.3,0.877,0,0,12.3,96.8,230.1,1.0,0,0,APPROVED
374,6.2,44.7,0.974,0,0,2.7,96.6,131.53,0.86,0,0,APPROVED
375,4.13,0.0,0.862,0,0,6.9,92.4,454.08,0.38,0,0,APPROVED
376,2.29,35.7,1.0,0,0,4.3,75.5,425.73,1.18,0,0,APPROVED
377,4.23,14.6,0.913,0,0,1.6,88.2,226.8,0.33,0,0,APPROVED
378,22.44,62.8,0.697,0,1,34.3,65.9,42.02,1.51,0,0,CONDITIONAL
379,2.4,31.7,0.888,0,0,12.7,93.5,150.94,0.5,0,0,APPROVED
380,28.7,40.5,0.519,1,1,21.3,58.8,6.28,5.21,0,1,DISQUALIFIED
381,0.4,0.0,0.858,0,0,12.3,92.5,119.25,0.43,0,0,APPROVED
382,3.27,2.7,0.832,0,0,1.8,75.8,226.36,0.93,0,0,APPROVED
383,0.0,31.6,0.87,0,0,4.4,90.5,421.73,0.91,0,0,APPROVED
384,20.48,71.4,0.547,0,1,35.1,46.8,7.03,7.96,0,1,DISQUALIFIED
385,4.51,36.7,0.973,0,0,7.5,89.2,235.04,0.68,0,0,APPROVED
386,3.56,37.2,0.93,0,0,14.1,90.8,420.47,0.8,0,0,APPROVED
387,34.63,84.7,0.639,0,1,44.4,56.8,26.17,4.28,0,1,DISQUALIFIED
388,15.62,106.7,0.822,0,2,20.7,60.5,81.49,1.03,0,0,CONDITIONAL
389,21.71,32.1,0.635,0,1,25.1,72.0,23.6,1.53,0,0,CONDITIONAL
390,4.77,31.7,0.918,0,0,7.5,75.3,86.72,0.53,0,0,APPROVED
391,0.32,48.7,0.856,0,0,10.3,97.2,72.69,1.1,0,0,APPROVED
392,19.14,65.3,0.85,0,1,25.0,61.8,93.38,1.21,0,0,CONDITIONAL
393,0.51,35.5,1.0,0,1,12.1,90.6,355.83,1.15,0,0,APPROVED
394,3.61,29.8,0.863,0,0,9.3,75.4,377.95,0.59,0,0,APPROVED
395,6.18,82.7,0.639,0,2,29.5,57.4,20.0,1.51,0,0,CONDITIONAL
396,3.72,37.6,0.927,0,1,8.9,86.8,88.28,0.79,0,0,APPROVED
397,0.0,42.6,0.903,0,0,2.4,79.1,494.3,0.7,0,0,APPROVED
398,16.73,96.9,0.727,0,1,20.1,68.5,74.58,1.12,0,0,CONDITIONAL
399,0.71,24.9,1.0,0,0,11.5,95.1,274.98,0.96,0,0,APPROVED
400,22.22,53.5,0.561,0,2,14.9,57.5,97.08,0.91,0,0,CONDITIONAL
401,24.73,123.0,0.716,0,1,25.9,71.4,23.33,1.3,0,0,CONDITIONAL
402,12.58,44.1,0.614,0,3,30.2,66.7,78.42,1.16,0,0,CONDITIONAL
403,9.81,61.3,0.74,0,3,10.5,61.3,24.55,1.57,0,0,CONDITIONAL
404,45.96,152.8,0.463,0,2,28.6,50.3,28.37,3.88,0,1,DISQUALIFIED
405,4.07,21.2,0.89,0,0,8.1,78.7,346.15,1.2,0,0,APPROVED
406,17.01,36.2,0.565,0,3,20.4,62.7,72.78,1.24,0,0,CONDITIONAL
407,19.04,77.8,0.85,0,1,18.5,57.5,51.34,0.96,0,0,CONDITIONAL
408,22.58,185.8,0.699,1,2,25.4,60.1,18.51,2.94,0,1,DISQUALIFIED
409,16.77,85.1,0.638,0,1,24.9,56.6,95.17,1.56,0,0,CONDITIONAL
410,15.36,121.8,0.668,1,2,16.9,73.8,29.95,1.68,0,1,DISQUALIFIED
411,54.71,171.2,0.27,3,4,95.9,33.2,24.44,4.28,1,1,DISQUALIFIED
412,1.77,11.2,0.962,0,0,7.2,89.8,221.43,0.35,0,0,APPROVED
413,16.59,85.2,0.677,0,2,30.7,66.8,48.25,1.6,0,0,CONDITIONAL
414,9.3,76.1,0.788,0,2,20.4,74.2,63.29,1.41,0,0,CONDITIONAL
415,5.76,49.0,0.99,0,0,4.2,90.3,86.05,0.7,0,0,APPROVED
416,4.39,12.2,0.893,0,0,1.7,84.1,280.27,0.73,0,0,APPROVED
417,2.51,22.8,0.884,0,0,9.0,88.0,445.12,0.8,0,0,APPROVED
418,48.11,346.2,0.34,2,7,92.8,23.0,12.32,1.85,0,1,DISQUALIFIED
419,0.0,21.8,0.936,0,0,6.3,87.8,84.54,0.3,0,0,APPROVED
420,18.79,37.2,0.842,0,1,10.6,61.7,34.17,0.9,0,0,CONDITIONAL
421,66.36,259.9,0.188,2,3,70.9,36.5,30.33,3.28,1,1,DISQUALIFIED
422,30.0,209.0,0.244,3,5,97.8,21.5,36.23,4.36,0,1,DISQUALIFIED
423,3.81,19.1,0.945,0,0,11.2,84.7,310.26,1.05,0,0,APPROVED
424,22.66,82.2,0.622,0,2,27.1,53.0,29.91,3.24,0,1,DISQUALIFIED
425,11.99,57.9,0.809,0,1,18.9,66.9,66.05,0.96,0,0,CONDITIONAL
426,10.99,117.4,0.828,0,2,10.6,62.1,82.42,1.36,0,0,CONDITIONAL
427,4.54,46.7,0.953,0,0,7.8,78.1,167.6,0.68,0,0,APPROVED
428,22.97,20.0,0.71,0,1,17.1,69.7,21.92,1.38,0,0,CONDITIONAL
429,46.64,142.0,0.303,3,4,82.2,39.2,15.89,1.29,1,1,DISQUALIFIED
430,13.46,70.6,0.772,1,1,28.7,73.3,65.77,0.98,0,1,DISQUALIFIED
431,1.43,8.8,0.946,0,0,7.0,89.2,86.71,0.38,0,0,APPROVED
432,0.0,0.0,0.925,0,0,6.6,93.7,56.24,0.88,0,0,APPROVED
433,17.36,90.0,0.85,0,3,34.9,69.4,42.98,1.68,0,0,CONDITIONAL
434,4.89,25.0,0.909,0,0,4.1,78.2,436.6,0.75,0,0,APPROVED
435,22.69,45.2,0.638,0,1,34.4,67.9,94.76,1.1,0,0,CONDITIONAL
436,38.82,136.6,0.685,1,1,18.9,56.8,23.23,5.66,0,1,DISQUALIFIED
437,0.0,20.7,1.0,0,0,4.3,84.3,171.12,0.48,0,0,APPROVED
438,18.52,101.7,0.654,0,3,40.4,44.6,28.91,4.57,0,1,DISQUALIFIED
439,2.94,9.1,0.905,0,0,12.3,95.1,186.11,1.07,0,0,APPROVED
440,42.55,186.1,0.322,4,7,87.5,24.0,25.02,3.65,1,1,DISQUALIFIED
441,5.47,10.8,0.914,0,0,11.5,93.7,475.59,0.58,0,0,APPROVED
442,52.09,244.1,0.208,4,5,73.3,38.6,15.07,1.4,1,1,DISQUALIFIED
443,15.9,91.2,0.727,0,1,28.0,65.2,68.35,1.26,0,0,CONDITIONAL
444,24.66,128.7,0.664,0,3,35.1,57.4,14.07,7.34,0,1,DISQUALIFIED
445,25.79,77.5,0.587,0,1,22.5,63.6,12.46,6.77,0,1,DISQUALIFIED
446,3.47,26.4,0.922,0,0,6.0,82.9,284.24,0.7,0,0,APPROVED
447,86.92,358.5,0.262,4,4,78.7,26.4,33.55,1.94,1,1,DISQUALIFIED
448,17.36,35.0,0.55,0,2,22.8,61.4,67.68,1.8,0,0,CONDITIONAL
449,2.43,29.3,0.85,0,0,13.8,94.4,384.03,0.45,0,0,APPROVED
450,1.98,22.2,0.906,0,1,7.0,77.7,280.58,0.61,0,0,APPROVED
451,6.64,32.1,0.915,0,0,5.8,85.2,354.01,0.76,0,0,APPROVED
452,42.55,207.3,0.43,5,4,97.6,35.4,17.46,3.25,1,1,DISQUALIFIED
453,51.46,186.2,0.138,4,4,92.3,15.0,19.23,2.12,0,1,DISQUALIFIED
454,1.71,23.5,0.854,0,0,6.8,83.7,444.16,1.11,0,0,APPROVED
455,13.67,57.2,0.615,0,1,29.6,57.4,70.79,0.92,0,0,CONDITIONAL
456,0.35,22.7,0.985,0,0,14.4,80.7,436.84,0.45,0,0,APPROVED
457,48.09,200.5,0.264,2,4,77.4,25.6,26.34,1.81,1,1,DISQUALIFIED
458,3.53,20.5,0.822,0,0,11.4,89.8,120.1,0.79,0,0,APPROVED
459,0.0,0.0,0.901,0,0,6.5,96.8,113.54,0.99,0,0,APPROVED
460,2.69,19.3,0.929,0,0,5.8,89.4,136.41,0.43,0,0,APPROVED
461,62.18,248.9,0.26,3,5,76.7,19.0,27.89,4.29,0,1,DISQUALIFIED
462,1.68,10.8,0.885,0,0,10.0,88.8,363.24,0.63,0,0,APPROVED
463,26.5,59.8,0.528,0,3,25.3,57.1,5.63,6.3,0,1,DISQUALIFIED
464,4.23,22.1,0.891,0,0,6.4,76.9,116.22,0.57,0,0,APPROVED
465,0.35,19.3,0.944,0,0,14.5,79.7,383.7,0.79,0,0,APPROVED
466,45.44,312.7,0.5,2,3,95.2,23.9,21.16,4.09,0,1,DISQUALIFIED
467,55.42,310.6,0.256,2,5,95.3,26.4,20.26,4.85,1,1,DISQUALIFIED
468,7.98,82.5,0.68,0,2,30.3,61.8,54.7,1.65,0,0,CONDITIONAL
469,6.48,30.7,0.941,0,0,1.7,84.2,353.19,0.71,0,0,APPROVED
470,31.8,156.4,0.439,0,2,31.4,45.1,12.3,6.62,0,1,DISQUALIFIED
471,12.7,20.0,0.705,0,1,21.2,57.5,36.48,0.8,0,0,CONDITIONAL
472,5.37,34.4,0.943,0,0,3.1,91.7,320.11,0.96,0,0,APPROVED
473,28.6,123.6,0.705,0,3,18.6,48.2,25.39,5.79,0,1,DISQUALIFIED
474,0.0,37.5,0.916,0,0,13.2,77.0,399.56,1.06,0,0,APPROVED
475,0.0,16.2,0.936,0,0,3.8,79.9,68.67,0.59,0,0,APPROVED
476,29.03,75.3,0.77,0,3,28.0,73.6,62.21,1.06,0,1,DISQUALIFIED
477,1.48,25.4,0.936,0,0,9.4,78.8,220.88,0.86,0,0,APPROVED
478,30.0,241.3,0.299,4,4,71.3,33.0,28.7,3.49,1,1,DISQUALIFIED
479,19.46,20.0,0.744,0,1,20.9,68.2,55.02,1.08,0,0,CONDITIONAL
480,14.71,78.8,0.684,1,2,18.2,69.7,22.94,1.27,0,1,DISQUALIFIED
481,7.11,25.4,0.877,0,1,8.3,89.1,156.47,0.74,0,0,APPROVED
482,2.92,12.7,0.952,0,0,8.1,92.7,77.88,0.82,0,0,APPROVED
483,2.8,11.3,0.896,0,0,1.6,85.3,309.93,0.81,0,0,APPROVED
484,4.74,9.8,0.904,0,0,2.4,92.6,484.82,1.17,0,0,APPROVED
485,67.18,268.1,0.366,3,4,90.0,22.6,19.54,4.71,0,1,DISQUALIFIED
486,9.5,70.1,0.761,0,1,18.6,72.0,64.74,1.31,0,0,CONDITIONAL
487,6.43,0.0,0.932,0,1,9.1,77.9,311.77,0.99,0,0,APPROVED
488,1.65,24.9,0.962,0,1,9.7,78.0,189.36,0.48,0,0,APPROVED
489,57.16,287.6,0.189,4,4,72.5,31.6,11.21,2.44,1,1,DISQUALIFIED
490,1.56,15.6,0.902,0,0,7.0,88.0,59.45,0.33,0,0,APPROVED
491,3.2,21.0,0.924,0,1,6.4,94.1,110.16,1.14,0,0,APPROVED
492,19.41,115.8,0.622,0,3,23.3,48.3,22.52,6.71,0,1,DISQUALIFIED
493,55.15,184.6,0.267,3,4,75.0,41.5,29.28,3.93,1,1,DISQUALIFIED
494,3.18,15.6,0.988,0,1,3.5,96.8,148.45,0.59,0,0,APPROVED
495,43.59,56.4,0.743,0,1,24.0,51.9,9.2,4.45,0,1,DISQUALIFIED
496,2.07,21.8,0.888,0,1,3.1,88.7,349.13,0.68,0,0,APPROVED
497,29.36,40.0,0.552,0,3,27.6,52.5,27.75,6.44,0,1,DISQUALIFIED
498,18.59,74.5,0.725,0,1,19.7,74.3,75.77,0.88,0,0,CONDITIONAL
499,38.81,217.9,0.1,4,3,92.3,30.1,11.64,4.89,1,1,DISQUALIFIED
500,6.3,37.2,0.915,0,0,3.7,78.0,184.04,1.0,0,0,APPROVED
501,14.42,52.8,0.737,0,3,22.1,58.6,91.29,1.26,0,0,CONDITIONAL
502,26.25,119.7,0.529,0,1,16.2,40.5,24.36,3.24,0,1,DISQUALIFIED
503,10.15,113.4,0.687,0,1,19.7,72.7,91.51,1.14,0,0,CONDITIONAL
504,23.62,20.0,0.746,0,3,13.6,66.6,42.6,1.08,0,0,CONDITIONAL
505,1.02,22.2,0.91,0,0,4.6,82.3,89.14,0.57,0,0,APPROVED
506,33.92,210.4,0.323,3,7,65.2,36.9,38.45,1.55,0,1,DISQUALIFIED
507,44.15,221.5,0.246,4,5,97.8,22.8,26.15,3.23,1,1,DISQUALIFIED
508,0.0,57.7,0.918,0,0,8.6,91.0,281.83,1.19,0,0,APPROVED
509,25.72,49.8,0.668,0,1,29.5,64.7,83.52,1.38,0,1,DISQUALIFIED
510,0.17,11.2,0.955,0,0,8.1,81.0,54.09,0.88,0,0,APPROVED
511,20.96,63.6,0.786,0,2,31.7,66.7,77.44,1.17,0,0,CONDITIONAL
512,3.53,0.0,0.875,0,1,4.4,97.2,481.16,0.52,0,0,APPROVED
513,0.0,11.1,1.0,0,0,11.3,76.2,72.18,0.65,0,0,APPROVED
514,3.68,18.5,0.82,0,0,3.7,82.1,488.71,0.67,0,0,APPROVED
515,3.72,20.7,0.959,0,0,9.5,77.0,354.59,0.36,0,0,APPROVED
516,11.34,44.4,0.755,1,1,31.1,64.2,37.41,0.93,0,1,DISQUALIFIED
517,62.48,128.4,0.174,2,3,72.0,26.1,31.12,2.03,0,1,DISQUALIFIED
518,3.32,10.5,0.957,0,0,5.4,81.1,277.67,1.0,0,0,APPROVED
519,43.09,280.4,0.167,2,5,65.3,26.0,19.88,3.83,1,1,DISQUALIFIED
520,5.82,11.1,0.965,0,0,11.2,90.9,494.32,0.5,0,0,APPROVED
521,22.53,70.0,0.738,0,1,21.9,61.7,66.35,1.69,0,0,CONDITIONAL
522,14.13,73.1,0.85,0,1,22.3,61.2,34.54,1.3,0,0,CONDITIONAL
523,2.38,0.0,0.94,0,0,11.9,93.6,395.49,0.4,0,0,APPROVED
524,22.3,71.9,0.796,0,1,23.2,55.7,71.12,0.88,0,0,CONDITIONAL
525,3.99,0.0,0.94,0,0,3.3,77.4,115.48,1.09,0,0,APPROVED
526,13.37,40.8,0.694,0,3,30.7,67.5,26.02,0.91,0,0,CONDITIONAL
527,1.48,13.9,0.886,0,1,9.5,94.2,369.66,0.4,0,0,APPROVED
528,13.67,139.4,0.444,0,3,22.9,47.0,28.27,2.64,0,1,DISQUALIFIED
529,22.58,77.8,0.806,0,2,34.6,73.2,55.13,0.84,0,0,CONDITIONAL
530,6.3,28.1,0.964,0,0,1.8,84.8,261.06,1.14,0,0,APPROVED
531,19.57,20.0,0.672,0,2,26.6,69.3,41.45,1.12,0,0,CONDITIONAL
532,0.0,15.2,0.925,0,0,13.2,95.5,252.07,0.71,0,0,APPROVED
533,5.49,27.9,0.897,0,0,13.3,80.6,297.76,0.47,0,0,APPROVED
534,0.0,16.8,0.979,0,0,8.7,77.1,390.49,0.82,0,0,APPROVED
535,1.77,12.7,0.926,0,0,1.2,76.1,307.75,1.04,0,0,APPROVED
536,1.44,36.4,0.835,0,0,1.4,91.9,331.54,0.82,0,0,APPROVED
537,17.43,132.0,0.493,0,2,40.8,64.1,20.71,3.51,0,1,DISQUALIFIED
538,2.14,24.8,0.984,0,0,11.9,91.2,425.51,0.35,0,0,APPROVED
539,23.39,136.5,0.441,1,1,32.4,44.2,22.81,3.47,0,1,DISQUALIFIED
540,5.63,33.0,0.919,0,0,3.0,92.5,275.28,1.12,0,0,APPROVED
541,0.0,30.1,0.944,0,0,11.6,82.1,251.59,0.66,0,0,APPROVED
542,37.4,158.2,0.176,3,4,73.3,39.7,17.97,4.6,0,1,DISQUALIFIED
543,17.7,77.2,0.712,0,1,17.6,56.9,31.51,0.9,0,0,CONDITIONAL
544,3.95,13.7,0.937,0,0,10.0,79.5,93.92,0.45,0,0,APPROVED
545,42.15,284.5,0.33,4,5,85.7,22.2,11.17,2.93,1,1,DISQUALIFIED
546,30.45,77.5,0.63,0,3,34.6,68.7,39.49,1.6,0,1,DISQUALIFIED
547,3.32,21.3,0.996,0,0,7.1,82.1,392.96,1.14,0,0,APPROVED
548,31.6,227.9,0.269,4,4,67.2,22.2,37.37,3.61,1,1,DISQUALIFIED
549,6.62,0.0,0.934,0,0,10.1,84.3,318.22,0.4,0,0,APPROVED
550,2.24,16.3,0.942,0,0,15.0,79.9,169.33,0.9,0,0,APPROVED
551,48.07,271.5,0.241,5,7,70.4,23.1,13.0,2.23,1,1,DISQUALIFIED
552,3.8,16.2,0.887,0,1,9.8,84.6,124.94,1.19,0,0,APPROVED
553,24.61,104.0,0.653,0,3,28.4,57.7,23.3,3.46,0,1,DISQUALIFIED
554,3.34,10.8,0.93,0,0,8.5,97.9,263.54,1.03,0,0,APPROVED
555,4.05,39.7,0.909,0,0,9.8,84.6,114.94,0.38,0,0,APPROVED
556,5.34,14.8,0.944,0,0,11.3,82.4,277.72,0.45,0,0,APPROVED
557,65.3,189.3,0.286,3,4,65.2,26.4,31.54,2.88,1,1,DISQUALIFIED
558,2.23,25.3,0.983,0,0,4.3,89.4,423.47,0.67,0,0,APPROVED
559,3.97,32.6,0.886,0,0,9.8,83.3,498.04,0.73,0,0,APPROVED
560,5.0,85.3,0.71,1,1,28.0,66.7,59.39,0.99,0,1,DISQUALIFIED
561,19.69,60.7,0.729,0,2,23.6,57.6,50.07,0.9,0,0,CONDITIONAL
562,17.2,102.0,0.677,0,1,20.2,73.5,76.83,1.22,0,0,CONDITIONAL
563,10.59,88.9,0.626,1,1,26.2,59.9,77.4,1.58,0,1,DISQUALIFIED
564,19.22,86.5,0.72,0,1,16.2,74.8,51.15,1.53,0,0,CONDITIONAL
565,13.95,46.4,0.648,0,1,32.0,74.3,47.33,1.14,0,0,CONDITIONAL
566,0.0,34.3,0.946,0,0,3.2,93.2,327.33,0.34,0,0,APPROVED
567,12.04,28.9,0.753,0,3,20.2,70.4,58.71,1.7,0,0,CONDITIONAL
568,54.94,249.4,0.335,2,5,93.1,22.8,38.57,1.39,0,1,DISQUALIFIED
569,29.24,89.5,0.703,1,2,30.6,55.3,63.36,1.26,0,1,DISQUALIFIED
570,16.36,70.3,0.661,0,2,22.1,58.0,71.86,0.97,0,0,CONDITIONAL
571,34.99,241.5,0.282,2,5,73.4,36.7,34.53,4.92,1,1,DISQUALIFIED
572,21.34,51.1,0.731,0,2,12.2,63.4,88.26,1.66,0,0,CONDITIONAL
573,2.41,13.9,0.893,0,0,6.0,93.1,155.16,0.88,0,0,APPROVED
574,3.74,30.1,0.939,0,0,13.1,88.7,107.2,0.68,0,0,APPROVED
575,5.57,32.0,0.921,0,0,14.1,86.8,477.63,0.78,0,0,APPROVED
576,0.56,19.6,0.98,0,0,7.9,94.5,424.37,0.66,0,0,APPROVED
577,9.89,15.4,0.957,0,0,5.7,77.5,157.48,1.15,0,0,APPROVED
578,1.37,17.7,0.857,0,0,1.5,82.4,294.85,0.8,0,0,APPROVED
579,4.27,19.1,0.85,0,0,7.4,92.5,142.69,0.94,0,0,APPROVED
580,1.23,41.4,0.899,0,0,8.9,79.7,383.9,0.35,0,0,APPROVED
581,51.69,205.1,0.412,3,7,69.2,19.8,24.79,1.51,0,1,DISQUALIFIED
582,37.51,216.2,0.304,5,4,73.9,34.0,29.77,4.96,0,1,DISQUALIFIED
583,21.53,80.5,0.55,0,1,19.4,70.1,63.17,0.88,0,0,CONDITIONAL
584,3.23,17.0,0.876,0,1,9.9,93.4,259.87,0.63,0,0,APPROVED
585,3.74,25.9,0.922,0,0,9.8,96.8,310.9,0.79,0,0,APPROVED
586,0.0,9.8,0.941,0,0,3.2,81.9,162.04,0.64,0,0,APPROVED
587,0.0,15.4,0.893,0,0,8.2,87.1,302.72,0.45,0,0,APPROVED
588,3.38,33.0,0.836,0,0,2.6,97.3,59.89,1.02,0,0,APPROVED
589,20.55,95.5,0.625,0,2,43.1,57.3,8.9,3.84,0,1,DISQUALIFIED
590,20.01,83.0,0.741,1,2,17.7,63.7,11.46,4.35,0,1,DISQUALIFIED
591,2.99,10.1,0.907,0,0,11.8,93.5,119.04,0.63,0,0,APPROVED
592,0.58,25.7,0.898,0,0,3.7,83.4,97.61,0.87,0,0,APPROVED
593,6.33,0.0,0.926,0,0,6.3,94.4,339.9,0.89,0,0,APPROVED
594,58.28,225.9,0.19,4,5,85.0,19.5,33.92,3.94,0,1,DISQUALIFIED
595,14.99,39.8,0.696,0,2,26.6,71.7,37.24,0.92,0,0,CONDITIONAL
596,45.04,220.2,0.403,5,3,75.0,32.2,20.5,4.73,0,1,DISQUALIFIED
597,28.49,91.0,0.641,1,1,30.7,66.3,80.98,1.51,0,1,DISQUALIFIED
598,0.0,35.9,0.93,0,0,14.5,85.4,114.25,0.65,0,0,APPROVED
599,57.61,196.5,0.247,2,5,75.3,36.1,23.28,3.04,1,1,DISQUALIFIED
600,5.08,0.0,0.872,0,0,8.4,93.6,212.8,0.77,0,0,APPROVED
601,12.44,41.0,0.712,0,2,10.7,67.4,60.76,1.35,0,0,CONDITIONAL
602,3.7,18.3,0.948,0,0,1.7,75.9,372.73,0.78,0,0,APPROVED
603,22.85,43.8,0.666,0,1,16.2,67.9,72.08,1.62,0,0,CONDITIONAL
604,1.87,17.4,0.904,0,1,9.3,91.3,53.31,0.77,0,0,APPROVED
605,4.97,21.9,0.922,0,0,14.2,90.5,79.2,0.72,0,0,APPROVED
606,4.24,0.0,0.836,0,0,6.0,78.8,276.67,1.05,0,0,APPROVED
607,21.05,60.3,0.719,0,1,16.2,64.2,70.28,1.36,0,0,CONDITIONAL
608,37.01,127.5,0.411,0,2,37.5,57.3,29.77,4.03,0,1,DISQUALIFIED
609,14.01,20.0,0.734,1,1,31.8,56.2,91.09,1.13,0,1,DISQUALIFIED
610,5.08,30.6,0.921,0,0,5.9,94.7,228.22,0.48,0,0,APPROVED
611,4.86,16.9,0.922,0,1,7.5,76.3,168.02,0.69,0,0,APPROVED
612,7.02,29.1,0.842,0,0,14.2,95.3,281.84,1.0,0,0,APPROVED
613,12.04,68.4,0.707,0,1,28.1,55.6,67.62,1.34,0,0,CONDITIONAL
614,35.17,175.9,0.277,3,5,97.9,26.6,19.61,4.65,0,1,DISQUALIFIED
615,15.0,62.4,0.598,0,3,16.7,71.2,24.43,1.34,0,0,CONDITIONAL
616,0.92,35.4,0.945,0,0,14.6,91.4,466.1,0.77,0,0,APPROVED
617,0.32,21.2,0.896,0,0,1.1,79.5,271.1,1.16,0,0,APPROVED
618,9.35,45.1,0.891,0,0,5.2,84.4,147.96,1.17,0,0,APPROVED
619,2.36,19.0,0.954,0,0,2.1,85.9,54.49,0.38,0,0,APPROVED
620,21.16,115.2,0.59,1,2,16.6,59.6,26.14,6.89,0,1,DISQUALIFIED
621,21.5,53.7,0.664,0,2,14.7,56.3,99.88,0.82,0,0,CONDITIONAL
622,22.42,146.2,0.539,0,3,42.8,40.2,6.89,3.88,0,1,DISQUALIFIED
623,17.39,89.7,0.602,1,3,16.7,64.9,26.89,1.36,0,1,DISQUALIFIED
624,20.52,60.4,0.61,0,2,24.6,55.2,80.88,1.51,0,0,CONDITIONAL
625,0.52,11.7,0.863,0,0,10.8,87.9,223.91,0.68,0,0,APPROVED
626,19.54,76.5,0.718,0,1,24.2,72.6,95.35,1.54,0,0,CONDITIONAL
627,0.71,46.0,0.888,0,0,12.1,85.4,185.75,0.65,0,0,APPROVED
628,47.5,169.2,0.373,2,4,95.4,30.7,26.0,3.47,0,1,DISQUALIFIED
629,17.74,112.2,0.591,1,1,41.1,59.1,11.2,2.7,0,1,DISQUALIFIED
630,0.3,7.3,0.952,0,0,8.0,91.7,100.95,0.67,0,0,APPROVED
631,25.92,69.2,0.735,0,2,27.5,63.2,31.07,1.47,0,1,DISQUALIFIED
632,15.16,30.1,0.796,1,2,12.1,64.0,80.51,1.59,0,1,DISQUALIFIED
633,16.2,77.8,0.77,1,2,31.5,56.8,89.2,1.12,0,1,DISQUALIFIED
634,2.51,13.0,0.846,0,0,5.5,78.1,183.28,0.82,0,0,APPROVED
635,6.13,8.3,0.934,0,0,11.4,78.5,108.64,0.61,0,0,APPROVED
636,32.17,63.2,0.652,0,2,34.7,45.8,26.61,4.2,0,1,DISQUALIFIED
637,21.66,20.0,0.754,1,2,28.5,68.2,48.44,1.61,0,1,DISQUALIFIED
638,0.3,43.6,0.943,0,0,5.2,85.6,418.08,1.14,0,0,APPROVED
639,22.18,72.0,0.683,0,2,31.4,63.3,27.15,1.24,0,0,CONDITIONAL
640,2.22,34.6,0.883,0,0,12.6,84.8,318.23,0.38,0,0,APPROVED
641,2.55,40.6,0.871,0,0,14.2,75.1,157.16,1.14,0,0,APPROVED
642,1.87,22.6,0.872,0,1,7.7,97.9,355.63,0.37,0,0,APPROVED
643,30.0,178.2,0.1,2,3,79.8,37.6,27.17,5.0,0,1,DISQUALIFIED
644,4.34,15.5,0.905,0,0,12.1,95.8,488.79,0.51,0,0,APPROVED
645,39.06,200.2,0.314,2,4,74.5,34.9,23.6,4.96,0,1,DISQUALIFIED
646,5.29,29.3,0.8,0,0,11.2,95.1,472.42,1.02,0,0,APPROVED
647,63.3,231.9,0.197,3,4,74.4,41.0,19.39,1.57,1,1,DISQUALIFIED
648,0.0,16.5,0.904,0,0,7.1,93.4,382.76,0.68,0,0,APPROVED
649,5.68,9.2,0.914,0,0,4.3,96.4,436.78,0.94,0,0,APPROVED
650,26.65,76.2,0.702,1,1,30.3,58.9,37.08,1.48,0,1,DISQUALIFIED
651,5.11,20.3,0.988,0,0,14.6,96.0,125.13,0.41,0,0,APPROVED
652,0.0,0.0,0.811,0,0,2.0,80.2,469.17,1.12,0,0,APPROVED
653,13.89,138.1,0.604,0,3,43.7,41.9,18.31,4.17,0,1,DISQUALIFIED
654,4.83,24.6,0.857,0,1,8.0,76.9,329.0,0.61,0,0,APPROVED
655,31.99,203.0,0.339,2,5,71.8,23.7,23.96,4.78,1,1,DISQUALIFIED
656,1.31,5.3,0.9,0,0,7.4,95.7,468.5,0.65,0,0,APPROVED
657,9.26,54.5,0.595,0,1,30.0,72.0,58.65,1.22,0,0,CONDITIONAL
658,57.52,183.9,0.217,2,3,77.5,39.6,28.46,2.77,1,1,DISQUALIFIED
659,3.8,0.0,0.898,0,0,10.1,91.1,337.16,0.59,0,0,APPROVED
660,3.28,4.5,0.91,0,1,7.7,82.3,394.84,0.75,0,0,APPROVED
661,3.73,23.7,0.904,0,0,11.7,78.1,152.9,1.09,0,0,APPROVED
662,3.31,17.5,1.0,0,0,1.1,93.8,211.92,0.79,0,0,APPROVED
663,18.5,65.9,0.55,1,2,17.5,57.5,87.4,1.16,0,1,DISQUALIFIED
664,22.47,29.7,0.689,0,1,20.3,65.9,54.88,1.55,0,0,CONDITIONAL
665,29.65,61.6,0.532,0,2,19.7,40.8,28.67,3.82,0,1,DISQUALIFIED
666,5.1,47.0,0.963,0,1,5.8,89.3,67.46,0.47,0,0,APPROVED
667,21.15,152.8,0.641,0,1,21.2,46.3,25.15,4.04,0,1,DISQUALIFIED
668,0.0,36.8,0.921,0,0,2.1,83.2,386.44,0.8,0,0,APPROVED
669,26.4,197.5,0.474,0,1,32.6,54.7,16.14,7.1,0,1,DISQUALIFIED
670,2.12,45.5,0.804,0,0,12.0,84.1,340.72,0.44,0,0,APPROVED
671,65.42,175.6,0.385,3,7,81.0,28.2,13.59,4.25,0,1,DISQUALIFIED
672,47.57,341.1,0.303,4,3,84.8,15.9,24.93,1.79,0,1,DISQUALIFIED
673,7.94,3.7,0.92,0,0,9.0,89.7,300.52,0.96,0,0,APPROVED
674,0.99,14.3,0.995,0,0,10.1,75.4,344.3,0.86,0,0,APPROVED
675,3.56,27.5,0.903,0,0,12.7,76.0,156.48,1.1,0,0,APPROVED
676,0.79,0.0,0.954,0,0,1.4,80.6,446.67,0.67,0,0,APPROVED
677,26.31,136.9,0.588,1,3,17.0,57.3,19.3,7.49,0,1,DISQUALIFIED
678,0.0,35.6,0.925,0,0,7.7,76.6,175.16,0.59,0,0,APPROVED
679,44.16,113.2,0.186,3,5,93.6,31.9,30.07,1.68,1,1,DISQUALIFIED
680,4.19,8.9,0.963,0,1,11.1,92.3,148.58,0.7,0,0,APPROVED
681,15.96,70.8,0.763,0,1,17.9,66.6,78.39,1.21,0,0,CONDITIONAL
682,14.64,91.8,0.781,0,3,21.5,60.2,39.34,1.28,0,0,CONDITIONAL
683,64.54,179.7,0.275,5,5,71.9,28.5,17.01,2.76,1,1,DISQUALIFIED
684,18.78,49.4,0.713,0,2,31.8,52.2,17.62,3.47,0,1,DISQUALIFIED
685,17.16,114.3,0.565,0,2,18.4,63.3,9.59,3.89,0,1,DISQUALIFIED
686,4.27,38.8,0.895,0,0,3.4,81.1,279.1,0.43,0,0,APPROVED
687,28.27,78.1,0.668,1,3,31.5,57.2,95.79,1.22,0,1,DISQUALIFIED
688,1.14,11.1,0.916,0,0,5.7,85.9,325.93,1.08,0,0,APPROVED
689,25.68,58.4,0.556,0,2,31.6,58.3,84.99,1.65,0,1,DISQUALIFIED
690,51.21,247.0,0.254,3,4,66.7,16.2,31.61,2.89,0,1,DISQUALIFIED
691,1.88,1.8,0.81,0,0,14.5,89.8,60.54,0.69,0,0,APPROVED
692,45.23,185.6,0.252,4,5,83.8,16.4,14.21,3.57,0,1,DISQUALIFIED
693,7.39,74.2,0.669,0,1,14.0,74.6,32.68,1.29,0,0,CONDITIONAL
694,3.51,6.5,0.937,0,0,4.8,95.4,68.26,1.12,0,0,APPROVED
695,37.67,86.3,0.4,0,1,44.7,41.0,21.37,4.94,0,1,DISQUALIFIED
696,51.09,232.3,0.118,3,5,67.2,20.2,16.44,4.0,0,1,DISQUALIFIED
697,20.71,56.1,0.702,0,1,11.2,60.4,72.34,1.33,0,0,CONDITIONAL
698,56.38,315.9,0.194,3,4,73.8,27.3,24.12,3.89,1,1,DISQUALIFIED
699,2.99,11.1,0.857,0,0,14.8,96.8,138.7,1.09,0,0,APPROVED
700,29.69,176.9,0.4,0,2,26.2,52.3,19.48,3.54,0,1,DISQUALIFIED
701,61.24,306.5,0.302,2,3,82.4,25.9,27.66,1.54,1,1,DISQUALIFIED
702,0.9,20.5,0.933,0,0,5.6,77.2,489.14,0.56,0,0,APPROVED
703,2.73,20.5,0.928,0,0,1.9,78.7,452.77,0.92,0,0,APPROVED
704,6.41,22.8,0.899,0,0,6.7,83.4,147.57,0.9,0,0,APPROVED
705,52.3,148.2,0.131,2,5,81.0,29.7,19.14,1.89,0,1,DISQUALIFIED
706,10.0,131.4,0.482,0,2,29.1,49.2,7.52,4.2,0,1,DISQUALIFIED
707,10.57,89.0,0.59,0,1,32.4,59.2,38.2,1.08,0,0,CONDITIONAL
708,2.55,10.5,0.93,0,0,10.0,82.8,368.58,0.8,0,0,APPROVED
709,0.96,24.8,0.8,0,0,9.5,95.0,499.51,0.85,0,0,APPROVED
710,6.48,8.9,0.878,0,0,6.1,96.0,215.73,0.64,0,0,APPROVED
711,4.13,35.1,0.841,0,0,1.5,95.0,280.74,0.66,0,0,APPROVED
712,24.49,61.2,0.785,0,1,21.0,64.9,52.29,1.48,0,0,CONDITIONAL
713,3.25,27.0,0.914,0,0,5.7,88.1,437.5,0.37,0,0,APPROVED
714,3.23,14.0,0.944,0,0,8.6,94.2,106.29,0.42,0,0,APPROVED
715,17.31,80.2,0.78,1,2,34.9,55.5,29.03,1.41,0,1,DISQUALIFIED
716,11.85,76.2,0.5,0,1,26.1,52.6,19.01,6.51,0,1,DISQUALIFIED
717,6.39,46.9,1.0,0,0,2.2,77.7,151.06,0.75,0,0,APPROVED
718,35.08,144.0,0.648,0,2,26.8,44.8,6.53,5.75,0,1,DISQUALIFIED
719,39.4,268.6,0.333,5,4,86.8,27.6,28.92,2.91,0,1,DISQUALIFIED
720,23.15,99.2,0.71,0,2,12.8,69.4,60.02,1.69,0,0,CONDITIONAL
721,46.7,197.3,0.164,4,3,70.6,30.7,31.43,4.68,1,1,DISQUALIFIED
722,18.84,67.4,0.617,0,1,28.3,65.4,25.93,0.99,0,0,CONDITIONAL
723,33.38,120.7,0.48,0,3,24.6,56.8,9.7,5.94,0,1,DISQUALIFIED
724,4.3,10.0,0.869,0,0,13.6,84.1,160.38,0.7,0,0,APPROVED
725,5.75,17.2,0.861,0,0,8.2,90.0,450.36,0.7,0,0,APPROVED
726,50.72,215.5,0.446,3,4,97.5,33.0,11.32,2.44,1,1,DISQUALIFIED
727,2.89,13.8,0.885,0,0,3.3,90.9,281.56,0.48,0,0,APPROVED
728,0.0,9.3,0.928,0,0,2.0,93.7,388.58,0.98,0,0,APPROVED
729,25.21,181.9,0.545,0,2,30.0,48.9,11.94,6.04,0,1,DISQUALIFIED
730,18.66,55.9,0.768,0,2,32.1,65.6,61.41,1.38,0,0,CONDITIONAL
731,51.21,131.1,0.489,0,2,24.4,47.7,25.95,2.9,0,1,DISQUALIFIED
732,47.53,254.6,0.129,5,5,78.7,33.6,20.32,2.25,1,1,DISQUALIFIED
733,14.63,156.8,0.735,0,3,16.0,49.2,10.93,4.96,0,1,DISQUALIFIED
734,3.8,18.0,0.959,0,1,8.8,96.4,52.41,0.97,0,0,APPROVED
735,56.44,212.7,0.445,2,3,91.7,17.4,29.02,4.68,0,1,DISQUALIFIED
736,33.25,69.5,0.641,0,2,17.5,64.3,67.95,0.97,0,1,DISQUALIFIED
737,38.41,65.7,0.628,0,2,22.4,58.7,11.55,7.35,0,1,DISQUALIFIED
738,37.52,247.7,0.157,2,4,88.5,32.8,28.74,2.27,0,1,DISQUALIFIED
739,3.08,47.2,0.87,0,0,5.7,75.6,203.47,1.02,0,0,APPROVED
740,58.02,90.0,0.396,2,7,65.4,40.5,24.68,2.5,1,1,DISQUALIFIED
741,6.32,53.1,0.902,0,0,11.2,75.0,471.58,0.45,0,0,APPROVED
742,0.0,9.2,0.903,0,0,11.1,94.7,165.63,0.32,0,0,APPROVED
743,0.0,14.4,0.836,0,1,13.7,88.0,209.49,0.64,0,0,APPROVED
744,3.27,14.5,1.0,0,1,14.2,82.7,302.31,0.39,0,0,APPROVED
745,0.0,14.1,1.0,0,0,6.4,95.0,305.74,0.7,0,0,APPROVED
746,0.65,39.7,0.913,0,0,12.7,86.4,103.31,0.31,0,0,APPROVED
747,5.45,30.0,0.918,0,0,6.7,80.3,111.37,0.48,0,0,APPROVED
748,0.0,0.0,0.971,0,1,3.7,83.0,211.03,0.31,0,0,APPROVED
749,28.88,144.1,0.75,0,2,16.3,41.4,16.43,5.52,0,1,DISQUALIFIED
750,54.99,191.4,0.15,3,4,70.0,28.6,34.05,2.88,1,1,DISQUALIFIED
751,27.13,175.8,0.632,0,1,23.1,60.1,6.1,7.96,0,1,DISQUALIFIED
752,2.18,13.2,0.984,0,0,13.3,84.5,291.87,0.34,0,0,APPROVED
753,4.98,3.2,1.0,0,0,3.5,76.8,473.18,0.53,0,0,APPROVED
754,35.23,242.3,0.33,2,5,90.4,31.1,20.12,2.2,0,1,DISQUALIFIED
755,7.18,92.3,0.55,0,3,14.1,62.6,31.27,1.42,0,0,CONDITIONAL
756,23.98,104.5,0.611,1,1,33.1,41.4,27.34,5.41,0,1,DISQUALIFIED
757,16.33,71.6,0.638,0,2,10.8,60.5,22.62,1.22,0,0,CONDITIONAL
758,43.36,147.4,0.286,5,5,89.1,34.1,16.01,2.0,1,1,DISQUALIFIED
759,6.62,15.3,0.908,0,0,12.7,90.1,152.79,0.55,0,0,APPROVED
760,6.67,14.8,0.891,0,0,7.4,95.9,97.02,0.95,0,0,APPROVED
761,6.32,89.5,0.635,0,1,31.0,64.0,70.94,1.02,0,0,CONDITIONAL
762,23.14,61.2,0.824,0,1,32.4,65.0,87.34,1.6,0,0,CONDITIONAL
763,1.77,0.0,0.894,0,0,12.3,83.1,338.99,0.52,0,0,APPROVED
764,4.55,18.3,0.924,0,0,13.0,83.0,487.87,1.18,0,0,APPROVED
765,0.69,18.3,0.913,0,1,10.7,93.4,228.94,0.6,0,0,APPROVED
766,2.59,61.7,0.868,0,0,4.6,96.8,126.39,1.17,0,0,APPROVED
767,0.0,16.5,1.0,0,0,6.8,91.9,358.64,1.05,0,0,APPROVED
768,0.0,40.9,1.0,0,0,7.8,82.2,113.83,0.49,0,0,APPROVED
769,5.8,39.1,0.911,0,0,14.7,87.2,457.39,0.37,0,0,APPROVED
770,5.75,50.9,0.848,0,0,14.8,83.9,71.34,1.02,0,0,APPROVED
771,17.85,29.4,0.767,0,1,34.3,68.3,52.66,1.08,0,0,CONDITIONAL
772,35.55,86.6,0.528,0,1,33.9,42.9,21.37,4.06,0,1,DISQUALIFIED
773,2.09,27.6,0.946,0,1,6.2,90.7,78.59,0.66,0,0,APPROVED
774,64.04,111.8,0.313,2,5,86.3,25.1,38.53,1.28,0,1,DISQUALIFIED
775,34.36,170.7,0.41,2,7,91.2,19.9,31.36,2.66,1,1,DISQUALIFIED
776,29.38,88.0,0.4,0,1,16.6,57.1,15.91,3.57,0,1,DISQUALIFIED
777,27.36,159.5,0.676,0,1,36.9,41.0,7.37,2.54,0,1,DISQUALIFIED
778,0.0,8.5,0.897,0,0,14.1,87.0,214.17,1.09,0,0,APPROVED
779,0.25,10.7,0.845,0,0,5.1,88.3,79.65,0.47,0,0,APPROVED
780,0.49,17.5,0.95,0,0,4.6,77.9,76.34,0.57,0,0,APPROVED
781,4.33,10.0,0.922,0,0,8.1,87.9,191.02,0.57,0,0,APPROVED
782,24.85,101.5,0.609,0,3,25.5,53.8,13.99,3.19,0,1,DISQUALIFIED
783,9.4,68.0,0.813,0,1,23.7,69.1,83.42,1.43,0,0,CONDITIONAL
784,2.43,35.0,0.979,0,0,6.8,82.7,351.24,0.49,0,0,APPROVED
785,24.39,58.5,0.801,0,1,29.0,55.4,85.35,0.81,0,0,CONDITIONAL
786,20.95,97.6,0.574,0,1,12.7,56.4,67.11,1.32,0,0,CONDITIONAL
787,10.0,121.9,0.545,0,3,41.2,48.2,19.69,7.16,0,1,DISQUALIFIED
788,2.81,27.5,0.921,0,0,2.0,79.4,397.1,1.06,0,0,APPROVED
789,16.67,66.7,0.739,0,2,15.4,55.8,36.09,0.98,0,0,CONDITIONAL
790,4.38,24.2,0.8,0,0,4.8,75.7,322.3,0.66,0,0,APPROVED
791,3.98,28.7,0.919,0,0,10.7,79.7,248.55,0.36,0,0,APPROVED
792,39.57,106.2,0.691,0,2,39.1,50.8,24.65,5.04,0,1,DISQUALIFIED
793,30.0,154.6,0.338,3,3,80.4,41.1,32.59,4.28,0,1,DISQUALIFIED
794,21.1,91.1,0.737,0,3,23.7,58.9,45.38,1.08,0,0,CONDITIONAL
795,16.27,71.1,0.678,0,2,21.2,70.8,69.47,0.91,0,0,CONDITIONAL
796,0.0,0.0,0.858,0,0,9.1,83.9,126.84,0.5,0,0,APPROVED
797,21.13,20.0,0.739,1,1,22.3,74.5,46.66,1.4,0,1,DISQUALIFIED
798,0.51,8.2,0.93,0,1,11.0,93.1,366.85,0.83,0,0,APPROVED
799,4.92,20.0,0.974,0,0,3.9,75.1,158.68,0.76,0,0,APPROVED
800,8.91,25.5,0.918,0,0,7.3,78.1,71.58,1.0,0,0,APPROVED
