project_id,schedule_slippage_pct,financial_physical_gap,expenditure_burn_velocity,milestones_delayed_ratio,contractor_health_deficit,resource_deficit,material_deficit,previous_delays_count,is_doomed,doom_level
1,0.0,2.28,0.194,0.009,18.0,14.0,15.6,0,0,STABLE
2,34.24,50.43,0.874,0.573,54.1,63.1,60.8,2,1,CRITICAL_DOOM
3,11.86,10.55,0.628,0.314,40.7,29.0,35.3,1,0,MODERATE_RISK
4,0.0,2.5,0.139,0.142,19.5,17.1,9.6,0,0,STABLE
5,8.89,14.03,0.673,0.209,43.2,30.2,38.3,1,0,MODERATE_RISK
6,7.36,16.18,0.839,0.394,43.8,42.9,37.0,2,0,MODERATE_RISK
7,0.0,-5.33,0.263,0.124,10.4,9.2,13.1,0,0,STABLE
8,32.58,51.12,0.851,0.826,66.2,68.2,69.3,2,1,CRITICAL_DOOM
9,0.0,5.4,0.138,0.047,9.9,15.9,14.6,1,0,STABLE
10,15.81,11.13,0.766,0.34,40.4,34.9,35.5,1,0,MODERATE_RISK
11,0.0,5.17,0.405,0.136,8.7,11.2,16.3,0,0,STABLE
12,0.0,-1.01,0.658,0.121,14.5,18.1,17.1,0,0,STABLE
13,48.97,46.76,0.966,0.627,48.3,55.7,60.7,4,1,CRITICAL_DOOM
14,38.04,42.65,0.904,0.589,48.6,58.4,73.6,3,1,CRITICAL_DOOM
15,9.28,23.42,0.84,0.441,30.0,34.9,31.0,1,0,MODERATE_RISK
16,2.18,10.85,0.131,0.042,18.6,8.6,7.2,0,0,STABLE
17,44.14,33.5,0.949,0.595,66.8,59.2,65.8,3,1,CRITICAL_DOOM
18,9.05,11.6,0.514,0.348,38.6,25.3,35.2,1,0,MODERATE_RISK
19,16.68,9.51,0.635,0.434,27.8,31.8,27.3,2,0,MODERATE_RISK
20,44.51,32.69,0.956,0.722,60.9,56.0,52.3,4,1,CRITICAL_DOOM
21,26.48,56.91,0.895,0.79,71.9,72.2,69.5,3,1,CRITICAL_DOOM
22,2.88,-1.86,0.103,0.024,13.2,15.4,14.8,0,0,STABLE
23,31.99,33.7,0.947,0.76,70.5,66.4,64.2,2,1,CRITICAL_DOOM
24,0.0,-2.26,0.684,0.059,18.4,14.5,16.9,0,0,STABLE
25,6.97,14.79,0.753,0.27,25.5,37.9,28.5,2,0,MODERATE_RISK
26,36.21,52.14,0.852,0.871,57.8,74.2,74.1,4,1,CRITICAL_DOOM
27,5.14,-0.37,0.29,0.025,13.4,19.0,15.4,0,0,STABLE
28,2.17,-3.57,0.626,0.111,15.5,15.5,10.4,0,0,STABLE
29,40.44,47.57,0.969,0.705,60.0,70.0,66.2,4,1,CRITICAL_DOOM
30,35.48,52.59,0.899,0.538,62.3,50.9,61.6,3,1,CRITICAL_DOOM
31,0.76,1.32,0.122,0.123,10.4,6.9,12.8,0,0,STABLE
32,0.0,1.87,0.131,0.08,13.1,14.6,15.9,1,0,STABLE
33,19.24,11.23,0.595,0.31,26.6,25.5,44.3,2,0,MODERATE_RISK
34,8.0,12.99,0.555,0.263,36.0,39.3,38.2,1,0,MODERATE_RISK
35,41.02,61.51,0.93,0.668,52.4,58.9,68.9,2,1,CRITICAL_DOOM
36,3.33,4.1,0.385,0.015,12.4,12.1,7.6,0,0,STABLE
37,6.63,6.29,0.127,0.056,14.4,12.5,17.8,0,0,STABLE
38,2.6,-1.4,0.116,0.088,19.1,13.6,10.8,0,0,STABLE
39,17.43,15.43,0.635,0.44,43.1,28.9,26.4,1,0,MODERATE_RISK
40,2.84,-1.49,0.143,0.048,17.7,5.3,17.2,0,0,STABLE
41,4.86,6.81,0.626,0.11,17.1,9.2,7.7,0,0,STABLE
42,37.83,46.17,0.898,0.811,55.2,73.3,71.5,3,1,CRITICAL_DOOM
43,34.74,47.62,0.967,0.702,69.8,58.0,72.4,3,1,CRITICAL_DOOM
44,2.97,0.48,0.67,0.086,14.5,11.7,9.4,0,0,STABLE
45,17.85,19.0,0.776,0.223,34.9,26.2,36.0,1,0,MODERATE_RISK
46,31.4,41.79,0.869,0.805,63.5,52.5,52.1,4,1,CRITICAL_DOOM
47,3.68,4.49,0.149,0.013,19.8,10.6,10.6,0,0,STABLE
48,32.25,42.87,0.951,0.723,57.7,72.7,52.8,3,1,CRITICAL_DOOM
49,0.0,0.81,0.171,0.018,14.7,16.2,13.8,1,0,STABLE
50,4.07,-0.6,0.234,0.144,5.2,19.5,5.6,1,0,STABLE
51,16.37,15.33,0.683,0.357,38.9,34.1,37.6,1,0,MODERATE_RISK
52,55.52,36.92,0.886,0.575,58.9,58.8,64.6,2,1,CRITICAL_DOOM
53,25.0,48.62,0.956,0.774,49.9,72.8,70.6,4,1,CRITICAL_DOOM
54,27.44,63.31,0.971,0.846,46.4,50.7,59.4,4,1,CRITICAL_DOOM
55,40.36,34.03,0.9,0.888,70.3,71.0,61.7,3,1,CRITICAL_DOOM
56,2.02,1.19,0.561,0.142,17.7,8.7,11.8,0,0,STABLE
57,27.05,50.35,0.937,0.747,55.7,52.8,66.8,3,1,CRITICAL_DOOM
58,47.43,45.68,0.922,0.724,71.3,60.1,53.4,2,1,CRITICAL_DOOM
59,49.91,53.78,0.878,0.555,45.4,58.8,64.7,3,1,CRITICAL_DOOM
60,12.65,19.31,0.68,0.396,32.9,37.4,42.2,2,0,MODERATE_RISK
61,1.96,4.19,0.255,0.069,19.7,12.4,9.9,0,0,STABLE
62,3.1,-2.76,0.209,0.052,18.5,12.1,15.0,0,0,STABLE
63,0.0,-1.24,0.153,0.018,11.9,8.1,10.5,0,0,STABLE
64,10.5,16.28,0.806,0.43,26.2,30.5,41.1,2,0,MODERATE_RISK
65,0.36,-3.91,0.391,0.093,10.5,11.9,16.2,0,0,STABLE
66,3.73,2.25,0.407,0.08,6.6,11.7,13.0,0,0,STABLE
67,1.44,0.81,0.293,0.032,9.9,6.8,18.4,0,0,STABLE
68,13.96,23.88,0.53,0.334,36.7,39.9,33.6,1,0,MODERATE_RISK
69,6.19,-4.24,0.442,0.053,19.8,14.1,8.6,0,0,STABLE
70,0.05,-0.95,0.212,0.043,7.6,18.5,6.2,0,0,STABLE
71,15.95,14.49,0.803,0.404,30.2,28.4,38.4,2,0,MODERATE_RISK
72,5.65,18.26,0.769,0.247,31.5,33.5,35.2,1,0,MODERATE_RISK
73,0.0,4.19,0.449,0.023,12.2,13.0,5.8,0,0,STABLE
74,5.02,-1.31,0.253,0.102,16.4,13.9,12.1,0,0,STABLE
75,2.51,1.36,0.209,0.01,16.1,13.6,17.6,0,0,STABLE
76,34.1,40.67,0.871,0.826,65.0,63.1,59.0,4,1,CRITICAL_DOOM
77,1.25,6.2,0.326,0.069,9.5,16.2,12.5,0,0,STABLE
78,44.64,25.0,0.968,0.75,48.5,73.5,65.7,3,1,CRITICAL_DOOM
79,3.53,5.99,0.42,0.134,16.8,7.3,9.7,0,0,STABLE
80,38.57,40.22,0.949,0.851,55.3,70.5,52.8,4,1,CRITICAL_DOOM
81,5.86,-0.78,0.19,0.034,15.8,15.8,14.6,0,0,STABLE
82,10.13,7.53,0.564,0.427,36.7,33.0,34.2,2,0,MODERATE_RISK
83,2.54,11.57,0.467,0.003,18.1,19.0,13.5,0,0,STABLE
84,31.68,49.71,0.925,0.743,57.7,68.4,73.4,4,1,CRITICAL_DOOM
85,26.69,18.14,0.64,0.214,31.7,41.1,25.1,1,0,MODERATE_RISK
86,4.47,1.29,0.308,0.052,16.1,11.8,8.4,0,0,STABLE
87,1.98,-4.28,0.351,0.137,10.4,13.7,14.5,0,0,STABLE
88,12.66,8.36,0.53,0.449,35.0,36.9,26.3,2,0,MODERATE_RISK
89,1.66,1.62,0.214,0.005,12.1,13.5,6.0,0,0,STABLE
90,5.0,21.55,0.64,0.34,28.1,28.6,42.2,2,0,MODERATE_RISK
91,4.5,-4.31,0.345,0.004,7.3,15.7,14.9,0,0,STABLE
92,4.17,-3.52,0.112,0.016,17.0,7.7,14.8,0,0,STABLE
93,4.44,-2.76,0.613,0.125,11.0,15.0,8.1,0,0,STABLE
94,40.61,32.49,0.905,0.857,69.5,58.5,56.5,3,1,CRITICAL_DOOM
95,17.78,6.52,0.643,0.338,33.7,30.9,44.0,2,0,MODERATE_RISK
96,1.89,5.41,0.637,0.12,11.4,5.3,9.0,0,0,STABLE
97,10.89,12.49,0.792,0.446,35.5,28.4,30.4,1,0,MODERATE_RISK
98,39.57,35.22,0.886,0.722,64.5,70.7,55.2,2,1,CRITICAL_DOOM
99,6.86,7.28,0.499,0.026,18.7,11.3,10.7,0,0,STABLE
100,3.55,-1.9,0.15,0.09,8.7,10.8,9.3,0,0,STABLE
101,42.59,27.46,0.912,0.765,73.1,68.3,55.4,2,1,CRITICAL_DOOM
102,0.27,1.49,0.398,0.09,10.0,16.6,6.6,0,0,STABLE
103,53.8,44.53,0.907,0.599,69.6,70.0,67.4,2,1,CRITICAL_DOOM
104,10.36,13.51,0.821,0.234,44.0,33.9,28.7,1,0,MODERATE_RISK
105,44.53,51.19,0.936,0.777,70.5,56.2,62.2,2,1,CRITICAL_DOOM
106,41.44,47.08,0.873,0.727,72.5,50.8,67.4,2,1,CRITICAL_DOOM
107,47.03,44.2,0.96,0.628,69.9,50.9,64.9,2,1,CRITICAL_DOOM
108,2.67,-0.91,0.304,0.109,6.0,9.7,13.1,0,0,STABLE
109,4.6,2.13,0.47,0.035,5.4,18.1,5.3,1,0,STABLE
110,11.41,23.46,0.668,0.357,42.5,44.7,40.4,1,0,MODERATE_RISK
111,9.64,19.76,0.539,0.289,30.7,30.9,29.7,1,0,MODERATE_RISK
112,1.9,1.94,0.331,0.102,8.3,19.2,16.8,0,0,STABLE
113,25.55,11.02,0.558,0.448,29.6,43.9,38.0,2,0,MODERATE_RISK
114,10.81,11.81,0.577,0.247,40.6,32.0,26.2,2,0,MODERATE_RISK
115,35.01,33.26,0.949,0.778,49.6,70.4,55.6,2,1,CRITICAL_DOOM
116,21.74,25.78,0.532,0.419,30.3,27.6,42.8,2,0,MODERATE_RISK
117,42.35,55.84,0.922,0.535,57.3,59.3,56.5,4,1,CRITICAL_DOOM
118,11.41,16.34,0.798,0.324,34.6,36.8,41.5,1,0,MODERATE_RISK
119,5.8,17.78,0.808,0.399,38.2,42.0,42.3,2,0,MODERATE_RISK
120,46.53,56.69,0.93,0.801,49.8,72.0,71.8,2,1,CRITICAL_DOOM
121,35.04,36.66,0.947,0.564,69.5,70.8,62.7,2,1,CRITICAL_DOOM
122,2.57,1.19,0.479,0.039,14.5,13.1,16.7,0,0,STABLE
123,42.3,45.48,0.894,0.753,73.0,52.6,73.4,3,1,CRITICAL_DOOM
124,5.22,-3.11,0.14,0.087,10.2,14.3,5.7,1,0,STABLE
125,40.94,39.74,0.853,0.509,54.7,62.2,69.3,3,1,CRITICAL_DOOM
126,6.76,5.0,0.557,0.399,38.9,29.4,26.6,2,0,MODERATE_RISK
127,12.89,8.12,0.83,0.305,37.8,33.0,30.5,2,0,MODERATE_RISK
128,12.79,17.11,0.575,0.208,38.0,32.4,42.3,1,0,MODERATE_RISK
129,40.16,42.7,0.951,0.808,70.3,69.0,65.7,2,1,CRITICAL_DOOM
130,2.59,3.84,0.578,0.072,6.8,6.9,15.3,0,0,STABLE
131,0.0,0.94,0.449,0.04,17.0,9.7,11.8,0,0,STABLE
132,0.64,-8.7,0.46,0.044,15.4,17.9,16.7,0,0,STABLE
133,12.68,12.58,0.845,0.236,35.0,37.4,39.0,1,0,MODERATE_RISK
134,2.63,-7.17,0.153,0.053,5.5,6.2,11.0,0,0,STABLE
135,18.94,18.74,0.57,0.242,27.1,37.7,39.1,1,0,MODERATE_RISK
136,38.48,38.53,0.942,0.848,66.4,70.0,58.5,4,1,CRITICAL_DOOM
137,2.34,4.8,0.59,0.068,14.7,12.9,16.0,0,0,STABLE
138,0.05,-0.94,0.623,0.033,19.6,10.1,7.7,0,0,STABLE
139,28.83,14.42,0.752,0.257,44.9,44.5,38.0,1,0,MODERATE_RISK
140,12.71,5.0,0.804,0.382,39.9,33.5,31.9,1,0,MODERATE_RISK
141,25.51,65.02,0.944,0.695,71.2,72.5,60.5,2,1,CRITICAL_DOOM
142,21.38,23.28,0.757,0.233,39.3,43.2,28.6,1,0,MODERATE_RISK
143,40.59,42.09,0.914,0.599,71.1,61.1,62.9,3,1,CRITICAL_DOOM
144,12.19,8.28,0.839,0.265,38.1,31.5,40.5,1,0,MODERATE_RISK
145,25.55,42.28,0.86,0.568,60.6,58.4,70.7,3,1,CRITICAL_DOOM
146,6.5,4.4,0.2,0.025,5.6,16.0,15.0,0,0,STABLE
147,40.9,57.99,0.963,0.582,48.4,56.7,51.4,3,1,CRITICAL_DOOM
148,43.86,44.19,0.891,0.703,46.2,53.7,74.7,4,1,CRITICAL_DOOM
149,2.42,2.81,0.621,0.068,12.7,12.3,15.0,0,0,STABLE
150,5.32,-3.16,0.221,0.101,19.5,6.4,15.1,0,0,STABLE
151,42.38,35.83,0.959,0.878,65.5,62.4,65.4,4,1,CRITICAL_DOOM
152,19.53,22.12,0.575,0.365,32.9,38.0,27.1,2,0,MODERATE_RISK
153,46.04,42.48,0.952,0.727,67.2,72.0,60.1,3,1,CRITICAL_DOOM
154,16.99,19.21,0.779,0.309,41.4,27.4,35.9,1,0,MODERATE_RISK
155,0.0,-5.57,0.517,0.058,11.7,8.6,10.6,0,0,STABLE
156,6.93,5.04,0.472,0.07,10.7,18.0,12.8,0,0,STABLE
157,0.0,-5.13,0.339,0.087,13.0,14.1,16.5,0,0,STABLE
158,44.07,47.81,0.882,0.871,46.8,73.4,58.8,2,1,CRITICAL_DOOM
159,9.65,9.09,0.608,0.401,35.8,31.2,37.2,2,0,MODERATE_RISK
160,0.0,0.1,0.209,0.102,7.7,12.9,15.6,0,0,STABLE
161,20.99,14.55,0.693,0.211,37.7,44.0,37.0,2,0,MODERATE_RISK
162,32.38,38.37,0.929,0.664,70.2,72.5,58.8,2,1,CRITICAL_DOOM
163,44.42,39.4,0.905,0.767,47.9,65.6,61.3,3,1,CRITICAL_DOOM
164,3.9,2.66,0.23,0.014,5.4,14.6,14.1,0,0,STABLE
165,6.38,-5.74,0.398,0.148,7.0,15.4,11.1,0,0,STABLE
166,42.55,61.28,0.886,0.532,47.6,72.4,54.8,3,1,CRITICAL_DOOM
167,0.24,0.21,0.411,0.01,17.0,8.5,13.1,1,0,STABLE
168,5.0,17.24,0.617,0.367,44.9,38.2,36.2,2,0,MODERATE_RISK
169,14.48,10.91,0.835,0.244,38.8,29.0,35.7,1,0,MODERATE_RISK
170,10.32,22.42,0.733,0.399,43.5,29.7,33.0,1,0,MODERATE_RISK
171,38.58,52.8,0.959,0.708,63.7,52.2,68.9,2,1,CRITICAL_DOOM
172,43.66,54.57,0.855,0.621,52.9,59.0,52.2,4,1,CRITICAL_DOOM
173,9.76,5.39,0.657,0.35,35.3,43.4,34.9,2,0,MODERATE_RISK
174,38.65,44.01,0.899,0.851,71.0,70.1,69.8,3,1,CRITICAL_DOOM
175,0.0,-0.41,0.517,0.052,19.6,14.6,17.3,0,0,STABLE
176,37.8,53.18,0.929,0.806,50.2,62.6,60.0,2,1,CRITICAL_DOOM
177,3.52,1.22,0.359,0.047,12.6,11.6,6.6,0,0,STABLE
178,6.59,5.88,0.191,0.009,16.7,11.9,5.9,1,0,STABLE
179,0.31,-0.64,0.173,0.045,6.5,15.4,5.9,0,0,STABLE
180,41.5,56.91,0.89,0.75,60.8,60.7,53.3,4,1,CRITICAL_DOOM
181,11.46,7.97,0.645,0.407,39.7,40.4,25.2,1,0,MODERATE_RISK
182,11.27,17.35,0.687,0.254,25.2,29.8,44.5,2,0,MODERATE_RISK
183,30.05,44.69,0.921,0.682,70.3,52.5,62.2,2,1,CRITICAL_DOOM
184,1.48,7.85,0.326,0.059,11.9,16.8,18.4,1,0,STABLE
185,47.14,33.79,0.907,0.602,70.2,51.0,72.5,3,1,CRITICAL_DOOM
186,17.71,16.8,0.723,0.353,26.3,35.4,28.0,2,0,MODERATE_RISK
187,12.86,15.54,0.53,0.379,26.4,26.4,25.2,2,0,MODERATE_RISK
188,27.22,35.28,0.895,0.81,64.8,54.6,54.4,2,1,CRITICAL_DOOM
189,10.09,20.28,0.507,0.221,44.4,30.9,40.4,2,0,MODERATE_RISK
190,1.03,-0.0,0.469,0.116,14.7,13.0,5.6,1,0,STABLE
191,49.64,62.99,0.947,0.825,64.7,53.2,58.5,4,1,CRITICAL_DOOM
192,0.0,-6.87,0.364,0.092,19.1,8.6,6.8,0,0,STABLE
193,27.28,54.13,0.956,0.845,70.4,73.0,56.3,4,1,CRITICAL_DOOM
194,16.45,19.41,0.772,0.364,28.5,35.9,44.7,2,0,MODERATE_RISK
195,1.72,0.66,0.536,0.123,8.2,12.6,17.6,0,0,STABLE
196,15.2,30.61,0.604,0.341,38.8,42.5,37.7,2,0,MODERATE_RISK
197,1.25,0.92,0.248,0.109,19.9,6.5,11.0,0,0,STABLE
198,7.01,2.58,0.47,0.028,10.3,16.8,13.3,0,0,STABLE
199,26.4,33.94,0.869,0.622,71.3,74.9,59.2,3,1,CRITICAL_DOOM
200,39.8,54.33,0.901,0.665,65.9,50.1,65.5,3,1,CRITICAL_DOOM
201,39.45,36.64,0.913,0.757,46.9,64.5,64.0,3,1,CRITICAL_DOOM
202,19.12,18.56,0.594,0.406,35.0,26.5,26.2,1,0,MODERATE_RISK
203,45.58,51.82,0.917,0.676,49.4,58.2,60.9,2,1,CRITICAL_DOOM
204,6.54,3.52,0.699,0.14,14.6,11.3,14.5,0,0,STABLE
205,5.44,-0.22,0.33,0.086,13.8,7.8,10.4,0,0,STABLE
206,2.42,-6.07,0.279,0.141,8.9,11.4,18.1,0,0,STABLE
207,1.42,6.56,0.39,0.02,6.2,15.9,12.4,0,0,STABLE
208,33.18,49.69,0.929,0.554,67.5,66.4,73.9,2,1,CRITICAL_DOOM
209,0.0,-2.57,0.248,0.136,8.7,9.1,16.4,0,0,STABLE
210,37.83,37.53,0.854,0.525,72.2,53.5,63.3,3,1,CRITICAL_DOOM
211,2.74,1.35,0.436,0.141,5.8,11.3,8.9,0,0,STABLE
212,44.35,32.46,0.876,0.726,58.9,74.3,65.2,3,1,CRITICAL_DOOM
213,0.72,-1.17,0.251,0.128,13.4,12.9,6.7,1,0,STABLE
214,39.41,41.33,0.921,0.533,58.7,62.1,54.1,4,1,CRITICAL_DOOM
215,34.41,65.1,0.904,0.76,61.4,51.6,62.8,4,1,CRITICAL_DOOM
216,10.77,10.2,0.558,0.283,40.1,35.4,29.1,2,0,MODERATE_RISK
217,35.12,50.11,0.909,0.894,68.2,50.7,51.6,3,1,CRITICAL_DOOM
218,36.56,76.93,0.864,0.763,69.7,59.5,69.4,4,1,CRITICAL_DOOM
219,0.0,1.8,0.576,0.087,14.5,17.0,10.9,1,0,STABLE
220,16.42,9.92,0.778,0.279,42.1,43.1,30.5,2,0,MODERATE_RISK
221,0.36,-1.06,0.636,0.098,7.3,11.6,14.2,0,0,STABLE
222,38.19,59.12,0.976,0.667,74.5,66.7,65.9,2,1,CRITICAL_DOOM
223,28.49,42.45,0.852,0.724,60.8,68.0,72.3,2,1,CRITICAL_DOOM
224,40.71,42.05,0.956,0.716,66.3,57.9,61.8,4,1,CRITICAL_DOOM
225,13.54,5.0,0.79,0.284,28.5,39.2,41.5,1,0,MODERATE_RISK
226,0.82,-2.69,0.37,0.112,14.8,14.3,10.3,0,0,STABLE
227,14.19,15.81,0.544,0.369,31.5,38.7,26.4,1,0,MODERATE_RISK
228,42.69,40.25,0.886,0.757,65.8,62.8,57.6,2,1,CRITICAL_DOOM
229,5.09,-4.27,0.663,0.131,16.5,16.8,15.0,0,0,STABLE
230,43.38,64.0,0.864,0.679,58.8,71.6,63.7,3,1,CRITICAL_DOOM
231,36.5,35.57,0.855,0.796,72.5,57.0,71.5,2,1,CRITICAL_DOOM
232,43.91,51.15,0.852,0.885,66.8,57.6,70.7,2,1,CRITICAL_DOOM
233,40.72,38.54,0.92,0.539,52.3,50.3,61.7,3,1,CRITICAL_DOOM
234,8.73,8.59,0.76,0.212,43.1,42.0,38.4,1,0,MODERATE_RISK
235,43.87,38.51,0.855,0.733,74.9,71.4,63.0,2,1,CRITICAL_DOOM
236,30.58,47.38,0.862,0.864,65.1,70.7,72.0,3,1,CRITICAL_DOOM
237,5.0,10.87,0.652,0.393,37.0,42.9,33.9,2,0,MODERATE_RISK
238,22.2,19.45,0.583,0.328,27.1,32.7,34.8,2,0,MODERATE_RISK
239,49.83,51.11,0.916,0.754,47.1,56.4,59.0,3,1,CRITICAL_DOOM
240,0.71,-1.77,0.683,0.05,12.2,7.9,14.2,0,0,STABLE
241,1.39,1.03,0.105,0.033,5.6,6.6,10.1,0,0,STABLE
242,5.0,15.69,0.826,0.299,26.7,37.3,27.3,1,0,MODERATE_RISK
243,13.91,21.46,0.746,0.448,27.6,30.5,32.9,1,0,MODERATE_RISK
244,15.34,18.05,0.713,0.277,41.5,44.1,41.4,1,0,MODERATE_RISK
245,14.72,11.31,0.74,0.229,32.7,34.1,32.4,1,0,MODERATE_RISK
246,13.34,15.46,0.528,0.289,43.8,38.4,38.6,1,0,MODERATE_RISK
247,15.03,19.55,0.806,0.381,27.4,43.0,26.3,1,0,MODERATE_RISK
248,1.9,0.17,0.277,0.073,13.7,5.7,6.8,0,0,STABLE
249,4.57,6.15,0.607,0.104,11.4,15.1,9.1,0,0,STABLE
250,49.14,42.5,0.957,0.843,72.5,60.8,58.0,3,1,CRITICAL_DOOM
251,6.76,4.12,0.513,0.056,7.5,11.5,7.1,1,0,STABLE
252,5.93,6.58,0.304,0.011,11.1,9.7,15.2,0,0,STABLE
253,7.67,-0.85,0.184,0.073,5.4,12.6,19.5,0,0,STABLE
254,1.73,-0.48,0.196,0.004,16.3,11.9,9.3,1,0,STABLE
255,1.72,1.92,0.633,0.09,17.4,19.8,9.3,1,0,STABLE
256,0.0,-3.51,0.425,0.023,13.3,13.1,16.4,0,0,STABLE
257,8.68,9.76,0.568,0.214,31.8,30.4,44.3,1,0,MODERATE_RISK
258,0.0,1.96,0.366,0.094,12.3,11.0,19.9,1,0,STABLE
259,23.8,21.76,0.57,0.299,25.8,34.5,35.9,1,0,MODERATE_RISK
260,40.03,49.68,0.919,0.848,48.9,69.8,53.1,4,1,CRITICAL_DOOM
261,1.63,-3.69,0.689,0.073,18.0,13.8,10.6,0,0,STABLE
262,0.21,6.5,0.407,0.074,13.7,18.0,19.7,0,0,STABLE
263,41.32,59.92,0.974,0.58,48.3,71.3,61.0,4,1,CRITICAL_DOOM
264,42.75,25.0,0.931,0.871,45.6,61.9,67.2,4,1,CRITICAL_DOOM
265,11.95,10.52,0.626,0.401,30.6,29.2,44.1,1,0,MODERATE_RISK
266,45.63,50.13,0.888,0.506,67.1,70.9,68.5,2,1,CRITICAL_DOOM
267,43.58,56.82,0.95,0.838,63.4,52.2,62.2,2,1,CRITICAL_DOOM
268,10.62,14.13,0.622,0.228,41.2,44.0,26.4,2,0,MODERATE_RISK
269,11.68,13.68,0.675,0.399,39.1,26.0,26.5,1,0,MODERATE_RISK
270,0.0,-2.76,0.582,0.139,11.1,18.6,9.8,0,0,STABLE
271,2.24,1.09,0.462,0.054,14.7,6.8,18.3,0,0,STABLE
272,23.0,22.43,0.525,0.371,29.8,39.3,41.5,2,0,MODERATE_RISK
273,8.22,15.39,0.771,0.268,34.9,30.7,27.7,2,0,MODERATE_RISK
274,0.0,5.48,0.1,0.077,5.7,9.1,15.6,0,0,STABLE
275,31.13,56.26,0.863,0.644,53.1,71.1,57.8,4,1,CRITICAL_DOOM
276,44.81,43.63,0.899,0.886,47.7,67.2,62.3,3,1,CRITICAL_DOOM
277,16.61,10.1,0.733,0.442,40.2,44.0,39.1,1,0,MODERATE_RISK
278,3.85,5.82,0.129,0.054,19.4,12.5,11.5,0,0,STABLE
279,0.0,-4.67,0.131,0.115,11.2,17.3,17.8,0,0,STABLE
280,19.2,14.55,0.576,0.369,37.2,30.9,27.7,2,0,MODERATE_RISK
281,46.6,31.31,0.901,0.785,51.0,72.3,57.2,3,1,CRITICAL_DOOM
282,2.12,-3.01,0.261,0.125,5.2,10.7,10.1,0,0,STABLE
283,1.35,-9.56,0.343,0.08,13.9,5.1,12.0,1,0,STABLE
284,8.1,21.69,0.771,0.393,35.4,44.5,27.5,1,0,MODERATE_RISK
285,36.1,46.92,0.885,0.507,53.8,69.3,62.9,3,1,CRITICAL_DOOM
286,2.49,1.2,0.608,0.004,18.5,16.7,16.7,0,0,STABLE
287,0.81,0.28,0.237,0.037,12.3,16.2,12.1,0,0,STABLE
288,38.17,47.31,0.975,0.53,56.0,55.6,54.9,2,1,CRITICAL_DOOM
289,15.97,23.48,0.551,0.403,37.7,32.8,38.5,1,0,MODERATE_RISK
290,1.3,2.87,0.382,0.134,15.6,5.9,7.2,0,0,STABLE
291,8.55,14.07,0.835,0.332,29.8,35.0,38.6,1,0,MODERATE_RISK
292,1.46,6.49,0.428,0.065,5.7,7.5,11.7,0,0,STABLE
293,3.34,2.48,0.245,0.144,8.0,19.3,19.9,0,0,STABLE
294,25.22,49.62,0.907,0.737,47.2,65.6,74.5,2,1,CRITICAL_DOOM
295,38.21,50.72,0.977,0.803,49.9,61.9,68.0,2,1,CRITICAL_DOOM
296,9.22,17.83,0.698,0.393,35.0,25.2,25.2,1,0,MODERATE_RISK
297,43.03,32.31,0.879,0.629,70.4,68.2,52.4,3,1,CRITICAL_DOOM
298,8.3,0.01,0.171,0.043,11.0,18.8,19.9,0,0,STABLE
299,27.25,28.97,0.948,0.867,73.5,64.4,58.9,4,1,CRITICAL_DOOM
300,0.0,4.57,0.494,0.036,7.9,18.8,6.5,0,0,STABLE
301,2.64,0.24,0.269,0.143,13.7,11.5,13.7,0,0,STABLE
302,30.81,31.7,0.966,0.879,71.8,60.5,69.5,3,1,CRITICAL_DOOM
303,16.05,7.05,0.565,0.283,42.1,29.1,26.4,1,0,MODERATE_RISK
304,25.0,46.99,0.955,0.834,55.0,67.3,69.3,3,1,CRITICAL_DOOM
305,2.33,5.21,0.269,0.064,5.6,6.9,16.5,0,0,STABLE
306,10.62,15.2,0.841,0.257,31.1,31.1,29.6,1,0,MODERATE_RISK
307,47.74,53.21,0.96,0.669,54.1,58.1,67.8,4,1,CRITICAL_DOOM
308,4.35,-0.01,0.584,0.148,16.3,10.9,13.9,0,0,STABLE
309,7.41,2.53,0.2,0.117,13.8,19.3,5.6,0,0,STABLE
310,19.26,9.01,0.766,0.226,35.3,35.2,32.4,2,0,MODERATE_RISK
311,46.66,54.96,0.91,0.868,65.8,68.2,71.5,2,1,CRITICAL_DOOM
312,33.53,34.0,0.894,0.891,70.7,67.5,68.2,3,1,CRITICAL_DOOM
313,25.0,44.25,0.871,0.814,67.0,59.6,50.6,4,1,CRITICAL_DOOM
314,0.0,-0.43,0.523,0.123,13.2,19.5,5.8,0,0,STABLE
315,36.1,47.69,0.954,0.721,56.9,53.3,71.6,2,1,CRITICAL_DOOM
316,4.08,-0.57,0.504,0.12,8.8,14.4,13.6,0,0,STABLE
317,38.56,38.6,0.887,0.623,55.6,65.5,58.4,4,1,CRITICAL_DOOM
318,11.32,5.0,0.74,0.283,26.1,32.5,43.9,2,0,MODERATE_RISK
319,8.07,18.13,0.646,0.388,27.0,30.6,30.5,1,0,MODERATE_RISK
320,38.26,37.42,0.873,0.888,48.4,60.1,68.4,4,1,CRITICAL_DOOM
321,8.46,5.03,0.592,0.251,34.7,30.4,30.7,2,0,MODERATE_RISK
322,32.23,46.77,0.86,0.881,53.9,52.3,65.0,3,1,CRITICAL_DOOM
323,19.95,21.08,0.714,0.278,30.4,37.0,42.3,2,0,MODERATE_RISK
324,3.65,2.36,0.222,0.088,15.5,15.2,11.1,0,0,STABLE
325,12.36,5.26,0.835,0.3,41.8,28.8,38.4,2,0,MODERATE_RISK
326,1.93,0.3,0.156,0.112,18.7,11.5,8.9,0,0,STABLE
327,38.13,44.13,0.93,0.755,52.3,67.9,52.3,2,1,CRITICAL_DOOM
328,31.73,38.09,0.885,0.599,46.9,61.5,68.3,3,1,CRITICAL_DOOM
329,16.04,17.72,0.788,0.433,35.9,29.0,37.3,2,0,MODERATE_RISK
330,31.89,45.38,0.898,0.868,62.5,63.5,56.7,3,1,CRITICAL_DOOM
331,46.86,51.41,0.909,0.752,52.5,67.6,60.7,3,1,CRITICAL_DOOM
332,11.25,20.16,0.655,0.205,31.0,35.1,26.1,1,0,MODERATE_RISK
333,40.02,41.24,0.903,0.762,52.8,54.0,54.0,2,1,CRITICAL_DOOM
334,4.37,2.36,0.588,0.103,6.7,9.3,9.6,0,0,STABLE
335,5.0,18.2,0.624,0.407,40.8,31.2,43.3,2,0,MODERATE_RISK
336,2.26,-7.88,0.665,0.131,6.5,10.9,13.3,0,0,STABLE
337,3.25,4.39,0.603,0.129,16.2,11.6,14.2,0,0,STABLE
338,16.78,9.49,0.58,0.229,28.3,25.0,39.4,2,0,MODERATE_RISK
339,12.59,17.55,0.624,0.226,29.4,35.4,37.2,1,0,MODERATE_RISK
340,0.0,-1.26,0.232,0.144,14.2,13.4,11.2,0,0,STABLE
341,19.43,21.33,0.56,0.325,33.2,42.4,37.6,1,0,MODERATE_RISK
342,0.0,2.02,0.302,0.021,15.4,8.1,10.9,1,0,STABLE
343,0.0,2.04,0.111,0.119,6.0,12.1,13.4,0,0,STABLE
344,15.4,25.55,0.793,0.405,41.9,34.7,31.7,2,0,MODERATE_RISK
345,15.67,13.21,0.809,0.317,26.5,32.8,41.1,2,0,MODERATE_RISK
346,4.55,-7.99,0.681,0.01,14.7,6.1,10.6,0,0,STABLE
347,8.61,10.87,0.623,0.293,26.4,32.4,34.3,2,0,MODERATE_RISK
348,17.26,8.17,0.669,0.201,41.1,40.5,36.0,1,0,MODERATE_RISK
349,49.17,49.15,0.948,0.821,60.5,53.5,66.8,3,1,CRITICAL_DOOM
350,34.46,40.21,0.966,0.8,72.2,69.0,64.9,3,1,CRITICAL_DOOM
351,52.92,56.1,0.87,0.69,66.5,56.8,55.1,3,1,CRITICAL_DOOM
352,0.89,-4.62,0.645,0.076,7.8,6.2,15.4,0,0,STABLE
353,46.87,50.97,0.885,0.777,52.9,73.5,65.9,3,1,CRITICAL_DOOM
354,3.79,-2.79,0.231,0.089,9.0,14.9,17.2,0,0,STABLE
355,30.4,59.35,0.906,0.512,52.8,50.8,72.0,2,1,CRITICAL_DOOM
356,14.48,13.42,0.613,0.424,42.8,31.5,43.0,2,0,MODERATE_RISK
357,34.25,51.45,0.925,0.527,47.8,75.0,58.2,4,1,CRITICAL_DOOM
358,29.87,42.56,0.853,0.644,68.5,64.2,57.8,3,1,CRITICAL_DOOM
359,6.0,3.52,0.123,0.126,14.3,13.5,14.4,1,0,STABLE
360,14.72,15.14,0.765,0.311,39.1,32.8,29.6,1,0,MODERATE_RISK
361,36.35,50.6,0.919,0.585,74.9,74.5,66.2,4,1,CRITICAL_DOOM
362,33.26,46.24,0.909,0.77,65.3,59.3,73.5,2,1,CRITICAL_DOOM
363,19.56,21.47,0.727,0.269,28.1,37.7,37.0,1,0,MODERATE_RISK
364,53.9,39.69,0.959,0.568,45.6,69.5,65.2,3,1,CRITICAL_DOOM
365,30.16,75.62,0.902,0.561,62.2,56.9,73.0,3,1,CRITICAL_DOOM
366,11.67,14.09,0.511,0.306,26.7,37.1,42.6,2,0,MODERATE_RISK
367,16.14,12.95,0.81,0.249,39.7,30.7,41.1,2,0,MODERATE_RISK
368,2.76,4.28,0.684,0.07,17.7,5.9,10.0,0,0,STABLE
369,40.74,48.08,0.972,0.534,56.6,51.8,55.3,2,1,CRITICAL_DOOM
370,11.54,13.29,0.559,0.237,44.5,40.2,44.4,1,0,MODERATE_RISK
371,0.16,5.21,0.28,0.035,6.9,8.8,10.3,0,0,STABLE
372,3.79,-1.23,0.188,0.051,18.0,7.3,6.2,0,0,STABLE
373,6.06,2.13,0.182,0.087,12.6,7.2,14.4,0,0,STABLE
374,13.6,10.0,0.607,0.406,26.1,33.4,34.2,2,0,MODERATE_RISK
375,19.65,19.09,0.802,0.278,35.8,41.8,44.8,2,0,MODERATE_RISK
376,1.85,-4.62,0.545,0.074,12.2,17.6,10.4,1,0,STABLE
377,11.37,5.0,0.767,0.232,28.9,44.0,28.5,1,0,MODERATE_RISK
378,25.09,14.05,0.58,0.338,32.4,38.2,27.8,1,0,MODERATE_RISK
379,0.0,-1.86,0.21,0.124,9.3,18.9,19.5,0,0,STABLE
380,5.65,-1.05,0.32,0.013,13.4,17.7,16.9,0,0,STABLE
381,10.59,10.94,0.806,0.262,30.3,25.0,42.4,2,0,MODERATE_RISK
382,10.81,17.75,0.66,0.288,26.9,34.7,43.4,1,0,MODERATE_RISK
383,0.03,-1.93,0.645,0.07,12.0,16.4,7.3,0,0,STABLE
384,11.37,23.33,0.79,0.243,25.6,29.1,31.8,1,0,MODERATE_RISK
385,14.11,20.32,0.675,0.213,25.7,36.0,33.8,2,0,MODERATE_RISK
386,1.86,-0.7,0.242,0.007,15.9,6.7,14.1,0,0,STABLE
387,5.66,-0.95,0.335,0.113,6.9,16.6,8.6,0,0,STABLE
388,13.12,19.01,0.523,0.205,41.5,35.5,40.5,1,0,MODERATE_RISK
389,3.52,1.78,0.259,0.092,15.2,9.8,17.7,1,0,STABLE
390,30.89,54.55,0.887,0.885,45.3,67.9,67.7,3,1,CRITICAL_DOOM
391,29.29,32.21,0.86,0.677,52.8,58.6,70.9,4,1,CRITICAL_DOOM
392,3.92,0.24,0.137,0.014,7.4,13.9,7.3,1,0,STABLE
393,5.75,15.06,0.665,0.365,40.0,40.1,36.6,2,0,MODERATE_RISK
394,30.41,62.47,0.902,0.854,71.9,72.7,57.8,3,1,CRITICAL_DOOM
395,0.49,-0.97,0.305,0.064,17.5,6.8,16.0,0,0,STABLE
396,0.0,0.73,0.458,0.065,7.5,6.7,13.2,1,0,STABLE
397,4.56,6.01,0.659,0.123,13.5,14.9,18.5,0,0,STABLE
398,1.63,1.37,0.446,0.07,6.8,19.7,8.2,0,0,STABLE
399,16.12,27.48,0.536,0.243,36.4,30.9,43.8,2,0,MODERATE_RISK
400,25.0,36.4,0.857,0.521,65.8,61.4,55.7,3,1,CRITICAL_DOOM
401,0.0,5.11,0.594,0.123,12.2,10.3,10.4,0,0,STABLE
402,0.0,-10.33,0.605,0.033,10.7,17.1,17.4,0,0,STABLE
403,16.05,13.88,0.542,0.433,38.7,35.6,25.7,1,0,MODERATE_RISK
404,16.27,9.11,0.84,0.341,39.3,26.4,33.4,1,0,MODERATE_RISK
405,14.9,17.92,0.527,0.289,36.0,33.1,41.7,2,0,MODERATE_RISK
406,7.14,10.74,0.537,0.289,33.3,38.5,38.2,1,0,MODERATE_RISK
407,0.87,-0.4,0.596,0.006,11.3,7.5,18.2,0,0,STABLE
408,7.26,1.07,0.675,0.033,18.3,19.0,18.7,0,0,STABLE
409,21.32,11.63,0.686,0.369,33.6,39.6,41.5,1,0,MODERATE_RISK
410,47.6,46.4,0.906,0.652,72.5,56.3,71.1,3,1,CRITICAL_DOOM
411,17.36,5.0,0.614,0.21,30.4,25.1,44.6,2,0,MODERATE_RISK
412,0.0,6.12,0.503,0.121,19.2,11.0,16.7,0,0,STABLE
413,38.59,41.64,0.936,0.775,48.6,73.5,54.5,3,1,CRITICAL_DOOM
414,3.35,-6.48,0.35,0.024,7.6,11.3,16.4,1,0,STABLE
415,0.0,0.1,0.11,0.099,14.0,7.4,8.5,0,0,STABLE
416,41.93,41.42,0.97,0.668,46.5,51.0,64.3,3,1,CRITICAL_DOOM
417,1.45,1.12,0.572,0.046,5.6,13.8,11.0,1,0,STABLE
418,18.76,8.87,0.595,0.426,32.5,36.0,26.0,1,0,MODERATE_RISK
419,33.27,51.55,0.879,0.827,72.9,52.4,61.3,3,1,CRITICAL_DOOM
420,25.0,41.25,0.893,0.658,60.9,54.0,64.3,4,1,CRITICAL_DOOM
421,36.62,43.3,0.885,0.644,57.3,67.0,51.4,2,1,CRITICAL_DOOM
422,0.0,3.43,0.485,0.039,18.3,18.4,9.5,0,0,STABLE
423,17.81,8.12,0.789,0.368,41.5,32.9,28.1,2,0,MODERATE_RISK
424,0.0,4.57,0.149,0.149,7.3,19.8,19.7,0,0,STABLE
425,19.26,16.34,0.601,0.317,37.4,33.2,33.5,1,0,MODERATE_RISK
426,12.14,17.62,0.827,0.372,41.5,36.1,40.6,1,0,MODERATE_RISK
427,43.31,37.76,0.883,0.846,48.1,53.1,74.5,3,1,CRITICAL_DOOM
428,47.47,33.22,0.927,0.741,65.5,64.4,60.7,2,1,CRITICAL_DOOM
429,43.83,34.63,0.88,0.75,67.4,55.5,51.5,2,1,CRITICAL_DOOM
430,9.77,22.5,0.667,0.432,31.6,34.3,25.3,1,0,MODERATE_RISK
431,2.23,-0.09,0.356,0.082,7.6,9.4,15.0,1,0,STABLE
432,2.55,4.75,0.438,0.075,6.0,6.3,14.0,0,0,STABLE
433,29.46,42.2,0.943,0.617,60.8,67.4,72.5,4,1,CRITICAL_DOOM
434,15.84,15.89,0.604,0.2,30.4,29.4,38.2,2,0,MODERATE_RISK
435,19.83,7.53,0.695,0.286,27.7,26.9,41.6,2,0,MODERATE_RISK
436,12.92,9.76,0.755,0.395,27.4,25.0,39.2,1,0,MODERATE_RISK
437,2.07,-0.2,0.611,0.144,13.5,12.7,6.3,0,0,STABLE
438,0.0,7.01,0.244,0.014,9.7,6.4,7.7,1,0,STABLE
439,19.34,15.55,0.848,0.346,41.2,31.5,31.1,1,0,MODERATE_RISK
440,8.23,21.82,0.547,0.358,27.6,36.6,38.9,2,0,MODERATE_RISK
441,38.0,55.83,0.945,0.748,50.6,50.6,57.1,3,1,CRITICAL_DOOM
442,12.19,17.5,0.544,0.441,27.2,34.6,36.7,1,0,MODERATE_RISK
443,5.54,10.11,0.24,0.096,17.3,5.6,12.5,0,0,STABLE
444,4.74,-5.18,0.639,0.121,13.7,16.0,10.5,0,0,STABLE
445,16.99,9.48,0.695,0.29,43.2,25.4,31.3,1,0,MODERATE_RISK
446,29.79,57.3,0.938,0.658,67.7,61.4,60.3,4,1,CRITICAL_DOOM
447,2.65,-2.92,0.682,0.057,5.9,10.1,12.6,0,0,STABLE
448,8.23,5.0,0.54,0.421,33.3,32.7,38.2,1,0,MODERATE_RISK
449,14.86,18.07,0.834,0.238,34.5,37.0,36.6,1,0,MODERATE_RISK
450,1.16,-2.86,0.198,0.11,8.1,5.9,13.3,0,0,STABLE
451,25.0,54.2,0.954,0.716,47.4,64.1,72.7,3,1,CRITICAL_DOOM
452,1.78,0.7,0.36,0.089,6.2,19.1,16.3,0,0,STABLE
453,37.63,36.69,0.932,0.831,68.5,56.9,73.5,2,1,CRITICAL_DOOM
454,41.49,25.0,0.925,0.874,65.2,62.0,70.2,4,1,CRITICAL_DOOM
455,0.23,4.38,0.179,0.066,14.7,10.7,5.8,0,0,STABLE
456,27.66,39.68,0.908,0.519,69.6,70.7,64.7,3,1,CRITICAL_DOOM
457,48.15,47.13,0.932,0.814,63.0,60.4,73.9,3,1,CRITICAL_DOOM
458,16.87,7.34,0.7,0.246,26.2,37.1,40.3,1,0,MODERATE_RISK
459,0.22,1.94,0.365,0.025,7.8,8.0,10.8,0,0,STABLE
460,0.0,9.21,0.33,0.126,7.2,12.6,5.9,0,0,STABLE
461,19.07,16.06,0.695,0.44,26.0,27.0,25.9,1,0,MODERATE_RISK
462,11.94,15.79,0.831,0.411,30.9,26.5,28.4,1,0,MODERATE_RISK
463,0.0,1.48,0.315,0.148,15.3,19.2,7.1,0,0,STABLE
464,19.77,23.32,0.644,0.322,33.3,25.5,31.7,1,0,MODERATE_RISK
465,2.33,3.03,0.537,0.047,10.9,8.6,6.5,0,0,STABLE
466,42.09,64.35,0.912,0.869,47.2,57.0,58.7,4,1,CRITICAL_DOOM
467,42.02,41.52,0.958,0.59,57.0,60.2,74.5,2,1,CRITICAL_DOOM
468,47.77,36.23,0.905,0.731,70.0,70.1,71.7,2,1,CRITICAL_DOOM
469,12.75,8.58,0.692,0.301,35.4,44.9,27.7,2,0,MODERATE_RISK
470,0.25,-3.7,0.502,0.073,11.3,10.4,13.9,0,0,STABLE
471,9.71,-4.43,0.442,0.032,16.1,5.4,10.3,0,0,STABLE
472,18.4,8.54,0.699,0.399,39.7,37.2,34.8,1,0,MODERATE_RISK
473,7.43,-4.9,0.408,0.043,5.1,12.4,9.3,0,0,STABLE
474,3.92,1.49,0.205,0.071,6.4,14.4,13.3,0,0,STABLE
475,13.81,15.3,0.508,0.415,36.5,42.8,36.9,2,0,MODERATE_RISK
476,15.6,16.16,0.7,0.245,30.4,29.0,29.9,1,0,MODERATE_RISK
477,6.22,26.18,0.715,0.22,26.8,28.4,35.4,1,0,MODERATE_RISK
478,5.72,-0.58,0.108,0.097,15.0,17.0,19.0,0,0,STABLE
479,1.68,5.0,0.439,0.099,15.2,19.0,20.0,0,0,STABLE
480,3.01,0.09,0.254,0.033,7.1,17.9,12.5,0,0,STABLE
481,4.38,4.14,0.288,0.062,8.1,19.6,14.7,1,0,STABLE
482,4.08,3.94,0.515,0.145,10.9,7.0,15.1,0,0,STABLE
483,14.11,6.23,0.609,0.307,37.9,39.9,29.6,1,0,MODERATE_RISK
484,3.79,-1.54,0.646,0.056,16.3,18.5,17.7,0,0,STABLE
485,25.93,33.43,0.858,0.694,48.3,56.2,57.9,4,1,CRITICAL_DOOM
486,44.26,40.69,0.961,0.806,49.4,67.3,73.6,3,1,CRITICAL_DOOM
487,8.66,1.04,0.406,0.018,9.7,17.0,17.9,0,0,STABLE
488,47.54,32.42,0.948,0.825,73.4,57.8,71.5,2,1,CRITICAL_DOOM
489,44.76,56.51,0.883,0.849,50.1,51.3,67.9,3,1,CRITICAL_DOOM
490,29.04,41.06,0.959,0.72,50.7,68.0,62.8,3,1,CRITICAL_DOOM
491,15.89,17.27,0.748,0.226,41.8,38.4,38.9,1,0,MODERATE_RISK
492,33.43,48.33,0.903,0.855,46.4,74.0,67.0,3,1,CRITICAL_DOOM
493,4.99,-1.92,0.336,0.021,5.2,13.2,19.6,0,0,STABLE
494,2.84,-7.53,0.364,0.132,12.6,12.6,7.1,1,0,STABLE
495,2.64,-1.25,0.457,0.062,11.3,16.8,7.9,0,0,STABLE
496,8.0,5.0,0.59,0.388,35.3,31.4,36.9,2,0,MODERATE_RISK
497,12.86,18.72,0.519,0.251,33.4,29.4,25.0,2,0,MODERATE_RISK
498,32.28,50.21,0.866,0.527,66.7,73.2,60.8,2,1,CRITICAL_DOOM
499,7.83,6.06,0.717,0.38,27.2,25.7,44.9,1,0,MODERATE_RISK
500,5.76,-0.79,0.305,0.067,15.1,12.6,17.9,1,0,STABLE
501,1.36,7.02,0.693,0.072,19.8,16.3,8.7,0,0,STABLE
502,30.2,58.04,0.851,0.661,52.0,70.5,58.4,4,1,CRITICAL_DOOM
503,0.0,-2.16,0.24,0.01,7.8,13.3,9.4,0,0,STABLE
504,0.0,0.66,0.164,0.143,5.9,9.5,9.5,0,0,STABLE
505,0.85,2.15,0.481,0.019,6.1,18.6,7.9,0,0,STABLE
506,16.93,12.53,0.559,0.413,25.3,35.2,40.4,2,0,MODERATE_RISK
507,32.89,36.09,0.888,0.651,56.8,63.6,54.0,3,1,CRITICAL_DOOM
508,2.1,-6.87,0.578,0.111,14.7,7.3,13.2,0,0,STABLE
509,0.49,0.62,0.264,0.143,19.3,10.3,5.6,0,0,STABLE
510,0.8,2.08,0.689,0.057,16.6,10.1,14.4,0,0,STABLE
511,2.84,4.45,0.585,0.01,10.0,9.7,14.5,0,0,STABLE
512,5.71,2.52,0.329,0.02,8.0,8.6,9.5,0,0,STABLE
513,9.07,23.43,0.788,0.251,34.4,41.0,28.6,1,0,MODERATE_RISK
514,48.37,33.93,0.853,0.776,54.5,51.4,65.2,2,1,CRITICAL_DOOM
515,0.39,-0.06,0.646,0.001,12.3,6.8,9.6,1,0,STABLE
516,2.96,7.61,0.631,0.083,13.0,7.9,7.5,1,0,STABLE
517,5.98,-1.61,0.303,0.143,16.1,14.0,18.2,0,0,STABLE
518,0.0,0.21,0.546,0.138,11.4,10.1,19.4,0,0,STABLE
519,17.49,13.48,0.699,0.391,41.2,31.8,33.7,2,0,MODERATE_RISK
520,6.18,3.84,0.583,0.127,10.9,5.8,11.0,0,0,STABLE
521,10.29,22.75,0.722,0.247,40.0,35.9,29.1,1,0,MODERATE_RISK
522,26.01,44.08,0.976,0.786,73.7,60.7,61.9,4,1,CRITICAL_DOOM
523,8.93,20.09,0.656,0.231,29.1,25.0,25.8,2,0,MODERATE_RISK
524,4.88,2.85,0.43,0.023,15.9,14.0,16.0,0,0,STABLE
525,25.0,53.64,0.934,0.527,71.9,53.0,58.2,4,1,CRITICAL_DOOM
526,11.02,5.0,0.799,0.285,42.4,26.8,40.5,2,0,MODERATE_RISK
527,0.0,-0.01,0.524,0.08,14.5,7.9,8.2,0,0,STABLE
528,5.35,1.75,0.5,0.065,19.3,15.8,19.0,0,0,STABLE
529,0.9,-1.82,0.419,0.085,14.0,7.5,10.7,0,0,STABLE
530,40.85,46.92,0.949,0.737,50.8,66.7,65.6,3,1,CRITICAL_DOOM
531,5.0,17.14,0.682,0.249,41.1,28.7,26.7,1,0,MODERATE_RISK
532,5.55,12.17,0.695,0.287,43.7,43.5,35.0,1,0,MODERATE_RISK
533,37.76,39.54,0.894,0.868,45.4,63.8,68.5,3,1,CRITICAL_DOOM
534,2.05,2.89,0.469,0.035,12.3,11.4,6.1,0,0,STABLE
535,32.28,38.9,0.916,0.807,46.9,64.4,53.0,2,1,CRITICAL_DOOM
536,1.76,-1.32,0.606,0.039,11.3,5.6,11.7,0,0,STABLE
537,7.82,8.27,0.537,0.292,27.0,40.3,44.3,2,0,MODERATE_RISK
538,50.79,53.02,0.887,0.752,58.7,62.1,68.9,2,1,CRITICAL_DOOM
539,4.62,0.88,0.466,0.082,8.7,10.1,17.8,0,0,STABLE
540,13.48,17.36,0.711,0.22,38.7,43.7,36.5,1,0,MODERATE_RISK
541,11.49,23.56,0.808,0.362,43.0,37.5,27.6,1,0,MODERATE_RISK
542,2.57,2.19,0.506,0.045,7.8,16.3,12.1,0,0,STABLE
543,13.54,13.52,0.664,0.237,44.7,29.2,27.6,1,0,MODERATE_RISK
544,51.43,25.88,0.853,0.514,58.4,70.4,72.1,2,1,CRITICAL_DOOM
545,12.97,19.56,0.79,0.233,43.7,40.0,43.8,2,0,MODERATE_RISK
546,1.66,1.89,0.299,0.105,16.5,18.9,8.1,0,0,STABLE
547,36.71,38.75,0.887,0.622,74.5,66.1,67.9,4,1,CRITICAL_DOOM
548,1.12,6.43,0.622,0.027,19.2,8.3,9.9,0,0,STABLE
549,0.0,9.47,0.545,0.034,5.9,9.5,12.1,0,0,STABLE
550,0.18,0.45,0.45,0.133,7.3,14.0,15.0,0,0,STABLE
551,39.09,25.0,0.851,0.777,64.8,51.0,59.2,4,1,CRITICAL_DOOM
552,18.46,15.03,0.751,0.346,41.0,42.3,34.1,1,0,MODERATE_RISK
553,0.0,0.86,0.43,0.063,18.2,8.1,17.4,0,0,STABLE
554,2.04,2.92,0.275,0.07,17.9,9.6,7.9,0,0,STABLE
555,1.54,7.03,0.236,0.025,10.0,19.1,10.1,1,0,STABLE
556,23.07,12.94,0.844,0.213,26.9,39.4,30.6,1,0,MODERATE_RISK
557,1.71,-3.43,0.464,0.064,5.4,16.8,5.2,0,0,STABLE
558,48.27,25.0,0.912,0.656,71.6,72.3,58.4,3,1,CRITICAL_DOOM
559,38.09,50.61,0.909,0.611,73.8,53.6,64.5,2,1,CRITICAL_DOOM
560,2.33,-1.51,0.15,0.023,11.6,12.7,8.9,0,0,STABLE
561,1.52,2.72,0.443,0.136,5.1,17.2,19.2,0,0,STABLE
562,2.14,3.23,0.109,0.039,11.7,15.4,16.0,1,0,STABLE
563,7.97,10.12,0.343,0.025,19.7,17.8,12.5,0,0,STABLE
564,7.61,2.68,0.409,0.149,14.2,10.6,16.6,0,0,STABLE
565,0.0,-6.64,0.569,0.073,16.9,13.6,10.1,0,0,STABLE
566,2.08,-5.17,0.257,0.001,14.7,12.7,11.7,1,0,STABLE
567,19.29,16.19,0.704,0.38,32.4,26.8,34.2,1,0,MODERATE_RISK
568,44.08,42.08,0.976,0.677,54.6,63.2,67.2,2,1,CRITICAL_DOOM
569,25.41,32.79,0.891,0.696,54.6,54.8,57.7,4,1,CRITICAL_DOOM
570,24.47,5.93,0.844,0.26,38.6,39.3,37.1,1,0,MODERATE_RISK
571,14.73,11.05,0.759,0.253,41.8,25.6,41.9,1,0,MODERATE_RISK
572,5.62,-5.11,0.427,0.019,9.3,8.6,8.2,0,0,STABLE
573,33.32,32.6,0.901,0.891,73.6,70.0,56.0,2,1,CRITICAL_DOOM
574,2.13,-5.98,0.567,0.129,17.7,10.4,15.3,0,0,STABLE
575,0.0,-2.66,0.516,0.115,9.6,17.2,9.4,0,0,STABLE
576,43.45,33.46,0.929,0.866,49.7,68.8,64.2,2,1,CRITICAL_DOOM
577,18.3,5.0,0.811,0.342,37.6,35.4,26.0,1,0,MODERATE_RISK
578,9.3,11.64,0.676,0.281,30.2,34.3,27.7,2,0,MODERATE_RISK
579,33.18,48.18,0.951,0.823,68.0,52.8,66.1,4,1,CRITICAL_DOOM
580,11.02,27.59,0.685,0.209,37.8,26.6,33.7,1,0,MODERATE_RISK
581,16.02,10.37,0.778,0.241,27.1,27.9,42.5,1,0,MODERATE_RISK
582,15.48,10.34,0.804,0.407,37.5,26.5,27.2,1,0,MODERATE_RISK
583,0.78,-1.47,0.331,0.141,14.2,17.5,15.7,0,0,STABLE
584,44.72,31.42,0.894,0.899,52.9,57.0,73.3,2,1,CRITICAL_DOOM
585,17.82,18.07,0.841,0.444,26.3,41.4,37.9,2,0,MODERATE_RISK
586,1.62,4.39,0.124,0.054,17.4,15.5,11.9,0,0,STABLE
587,17.88,14.66,0.724,0.278,35.5,26.3,44.5,1,0,MODERATE_RISK
588,20.85,8.48,0.732,0.379,30.4,31.3,27.5,2,0,MODERATE_RISK
589,5.0,2.06,0.634,0.067,11.9,6.2,15.1,0,0,STABLE
590,5.52,-0.09,0.626,0.036,13.3,7.9,6.5,1,0,STABLE
591,36.3,56.79,0.895,0.719,47.7,68.9,64.6,2,1,CRITICAL_DOOM
592,5.45,2.19,0.11,0.007,13.6,17.3,9.9,0,0,STABLE
593,17.74,23.39,0.703,0.385,38.5,29.1,32.0,1,0,MODERATE_RISK
594,4.55,2.67,0.678,0.094,7.8,6.6,17.2,0,0,STABLE
595,17.54,20.88,0.792,0.214,40.0,42.0,30.7,2,0,MODERATE_RISK
596,0.0,2.14,0.527,0.026,8.5,12.4,18.7,0,0,STABLE
597,2.01,7.49,0.647,0.022,14.7,8.5,7.4,0,0,STABLE
598,9.97,21.46,0.657,0.301,44.7,30.8,30.9,1,0,MODERATE_RISK
599,15.57,13.88,0.593,0.424,27.1,38.1,43.1,1,0,MODERATE_RISK
600,43.26,44.3,0.938,0.621,50.6,57.6,52.3,2,1,CRITICAL_DOOM
601,6.08,-0.42,0.185,0.02,14.7,8.0,6.5,0,0,STABLE
602,34.1,55.74,0.935,0.715,65.3,67.1,65.7,2,1,CRITICAL_DOOM
603,4.92,0.56,0.442,0.125,19.9,7.5,15.4,0,0,STABLE
604,43.94,38.62,0.864,0.812,72.3,59.6,65.8,3,1,CRITICAL_DOOM
605,19.35,10.36,0.828,0.435,28.5,42.5,39.7,1,0,MODERATE_RISK
606,3.23,0.08,0.48,0.108,8.9,15.8,5.4,0,0,STABLE
607,15.39,13.17,0.582,0.363,33.1,36.9,27.1,1,0,MODERATE_RISK
608,44.33,39.29,0.98,0.585,53.0,66.6,74.1,4,1,CRITICAL_DOOM
609,12.03,16.92,0.842,0.441,28.3,31.0,27.0,1,0,MODERATE_RISK
610,32.01,42.78,0.894,0.893,63.9,60.4,54.2,4,1,CRITICAL_DOOM
611,35.29,43.28,0.857,0.548,62.4,73.2,62.4,4,1,CRITICAL_DOOM
612,19.11,20.51,0.561,0.29,37.7,26.4,32.2,1,0,MODERATE_RISK
613,48.76,43.92,0.906,0.819,62.9,72.2,60.3,3,1,CRITICAL_DOOM
614,8.54,13.48,0.533,0.204,42.5,29.7,29.2,2,0,MODERATE_RISK
615,0.0,1.09,0.676,0.128,18.0,11.1,16.4,0,0,STABLE
616,2.17,-0.24,0.373,0.078,5.1,11.3,15.8,0,0,STABLE
617,43.37,39.27,0.926,0.584,52.1,65.7,70.7,3,1,CRITICAL_DOOM
618,3.16,4.35,0.369,0.073,8.1,14.4,10.4,1,0,STABLE
619,27.84,11.44,0.821,0.4,34.0,39.4,36.7,1,0,MODERATE_RISK
620,0.0,0.08,0.649,0.05,19.3,13.0,14.5,0,0,STABLE
621,0.0,0.01,0.474,0.067,16.7,8.3,7.5,0,0,STABLE
622,32.87,61.65,0.917,0.534,74.5,66.7,57.1,3,1,CRITICAL_DOOM
623,0.0,3.93,0.531,0.117,15.1,14.2,18.4,0,0,STABLE
624,6.41,-1.8,0.511,0.032,8.6,9.2,11.2,0,0,STABLE
625,0.0,-3.99,0.104,0.102,17.4,7.2,7.4,0,0,STABLE
626,14.63,12.19,0.608,0.292,40.4,41.2,33.0,2,0,MODERATE_RISK
627,13.54,24.34,0.814,0.427,26.7,43.7,41.5,2,0,MODERATE_RISK
628,3.23,2.43,0.273,0.143,5.7,7.2,13.1,0,0,STABLE
629,14.19,13.36,0.826,0.366,41.5,25.3,35.8,1,0,MODERATE_RISK
630,15.05,12.07,0.676,0.391,34.7,28.0,38.0,1,0,MODERATE_RISK
631,29.33,48.58,0.975,0.707,47.2,65.7,56.3,4,1,CRITICAL_DOOM
632,38.01,49.15,0.909,0.801,49.0,63.7,63.7,2,1,CRITICAL_DOOM
633,16.92,12.78,0.545,0.38,27.0,37.5,32.1,2,0,MODERATE_RISK
634,0.0,3.68,0.528,0.131,6.9,18.0,13.9,0,0,STABLE
635,16.48,9.95,0.766,0.226,35.1,41.3,43.7,1,0,MODERATE_RISK
636,25.0,52.83,0.96,0.697,59.2,62.3,71.2,4,1,CRITICAL_DOOM
637,13.49,5.0,0.7,0.26,40.9,34.7,31.7,1,0,MODERATE_RISK
638,1.66,2.06,0.201,0.069,9.6,5.5,9.8,0,0,STABLE
639,10.25,5.0,0.838,0.294,30.2,29.9,34.2,2,0,MODERATE_RISK
640,6.28,-0.68,0.303,0.085,8.1,16.1,5.8,1,0,STABLE
641,0.98,4.47,0.534,0.048,18.6,6.9,7.7,0,0,STABLE
642,1.81,1.96,0.654,0.082,9.0,15.5,14.9,1,0,STABLE
643,0.86,1.58,0.168,0.001,20.0,17.0,16.8,0,0,STABLE
644,0.59,-2.04,0.326,0.113,13.1,6.2,5.3,0,0,STABLE
645,14.93,18.53,0.781,0.317,32.2,27.2,42.5,2,0,MODERATE_RISK
646,0.0,11.2,0.475,0.142,13.7,13.1,5.8,0,0,STABLE
647,0.0,2.66,0.602,0.023,9.5,8.7,10.6,0,0,STABLE
648,14.95,14.78,0.52,0.236,26.1,37.5,26.1,2,0,MODERATE_RISK
649,26.97,21.83,0.56,0.249,31.4,36.9,29.2,1,0,MODERATE_RISK
650,32.55,54.68,0.868,0.558,65.9,66.1,69.6,4,1,CRITICAL_DOOM
651,11.67,11.24,0.795,0.252,26.5,39.1,33.1,2,0,MODERATE_RISK
652,9.89,7.68,0.641,0.213,34.9,27.5,33.0,1,0,MODERATE_RISK
653,34.54,48.78,0.898,0.649,49.5,70.0,67.7,2,1,CRITICAL_DOOM
654,2.8,-2.29,0.173,0.148,16.7,10.9,13.7,1,0,STABLE
655,11.89,8.21,0.795,0.361,38.0,42.3,42.9,2,0,MODERATE_RISK
656,6.99,2.22,0.554,0.091,7.5,17.0,15.8,0,0,STABLE
657,11.49,8.96,0.506,0.3,36.0,37.4,38.3,2,0,MODERATE_RISK
658,2.01,5.92,0.689,0.015,9.5,14.6,10.3,1,0,STABLE
659,8.62,5.8,0.492,0.038,10.5,17.7,7.9,0,0,STABLE
660,17.95,20.82,0.573,0.342,42.4,33.6,44.3,1,0,MODERATE_RISK
661,3.57,0.49,0.292,0.13,18.2,10.3,6.2,0,0,STABLE
662,1.12,6.81,0.391,0.117,10.7,11.6,10.6,0,0,STABLE
663,11.45,21.85,0.683,0.368,30.4,30.6,43.7,2,0,MODERATE_RISK
664,12.89,15.42,0.716,0.327,35.9,32.2,26.6,1,0,MODERATE_RISK
665,30.98,25.0,0.857,0.515,66.5,63.5,62.7,2,1,CRITICAL_DOOM
666,34.61,40.47,0.91,0.615,52.4,66.1,66.3,4,1,CRITICAL_DOOM
667,13.13,13.04,0.843,0.349,39.2,25.1,35.4,1,0,MODERATE_RISK
668,5.0,27.25,0.831,0.368,26.3,34.3,29.8,1,0,MODERATE_RISK
669,5.0,21.28,0.557,0.326,41.6,38.3,31.8,2,0,MODERATE_RISK
670,43.85,50.38,0.976,0.856,63.0,63.3,50.7,2,1,CRITICAL_DOOM
671,18.58,27.34,0.76,0.27,36.3,26.8,33.3,2,0,MODERATE_RISK
672,5.0,14.87,0.654,0.414,38.7,42.6,29.1,2,0,MODERATE_RISK
673,1.02,3.96,0.289,0.077,19.1,5.7,10.3,1,0,STABLE
674,0.99,-4.36,0.331,0.137,16.4,12.6,19.8,0,0,STABLE
675,0.69,-5.5,0.194,0.142,16.5,9.0,13.9,0,0,STABLE
676,38.33,55.37,0.951,0.725,61.6,52.9,53.2,3,1,CRITICAL_DOOM
677,2.26,-0.7,0.424,0.145,12.3,6.0,13.3,0,0,STABLE
678,25.0,37.94,0.968,0.576,63.5,60.1,51.0,3,1,CRITICAL_DOOM
679,2.94,1.52,0.261,0.122,5.8,13.1,6.1,1,0,STABLE
680,46.23,50.02,0.934,0.888,66.4,73.1,62.9,2,1,CRITICAL_DOOM
681,15.23,9.03,0.669,0.356,25.2,28.9,34.8,2,0,MODERATE_RISK
682,7.02,-1.36,0.462,0.045,11.2,8.3,19.5,0,0,STABLE
683,0.05,3.44,0.148,0.071,5.1,6.3,17.1,0,0,STABLE
684,41.49,53.44,0.857,0.813,70.4,70.0,62.7,2,1,CRITICAL_DOOM
685,34.44,39.42,0.878,0.817,50.6,51.7,75.0,2,1,CRITICAL_DOOM
686,46.27,40.93,0.922,0.861,72.8,50.2,51.9,2,1,CRITICAL_DOOM
687,13.49,20.94,0.712,0.247,41.1,44.3,30.4,1,0,MODERATE_RISK
688,2.41,12.67,0.187,0.066,10.0,12.8,13.8,0,0,STABLE
689,30.95,59.04,0.857,0.802,73.7,56.0,58.1,2,1,CRITICAL_DOOM
690,11.93,9.03,0.744,0.34,32.7,33.4,36.2,1,0,MODERATE_RISK
691,3.38,1.91,0.262,0.056,13.5,18.2,19.1,0,0,STABLE
692,0.0,7.92,0.382,0.007,7.9,16.9,11.8,0,0,STABLE
693,3.31,3.48,0.263,0.018,8.8,18.8,13.7,0,0,STABLE
694,19.8,11.96,0.683,0.229,27.6,35.7,43.7,1,0,MODERATE_RISK
695,31.81,53.11,0.855,0.541,66.9,55.0,59.3,3,1,CRITICAL_DOOM
696,36.2,35.71,0.913,0.716,69.6,54.3,70.2,3,1,CRITICAL_DOOM
697,10.32,25.0,0.548,0.366,35.5,37.8,31.8,2,0,MODERATE_RISK
698,13.49,9.95,0.765,0.399,34.9,42.9,30.4,1,0,MODERATE_RISK
699,40.48,51.61,0.962,0.536,70.9,58.0,54.5,2,1,CRITICAL_DOOM
700,9.91,8.2,0.547,0.274,36.4,33.8,31.9,2,0,MODERATE_RISK
701,31.88,56.69,0.947,0.561,48.9,58.6,70.2,2,1,CRITICAL_DOOM
702,0.0,3.9,0.433,0.079,14.8,8.5,18.0,0,0,STABLE
703,17.05,5.0,0.525,0.398,29.4,38.5,41.1,1,0,MODERATE_RISK
704,28.26,58.63,0.955,0.618,62.1,68.6,59.5,3,1,CRITICAL_DOOM
705,24.07,18.37,0.816,0.225,29.6,39.2,41.5,2,0,MODERATE_RISK
706,13.35,9.89,0.581,0.273,40.4,26.5,41.6,1,0,MODERATE_RISK
707,12.7,11.06,0.531,0.44,41.1,34.2,29.5,2,0,MODERATE_RISK
708,2.67,-3.79,0.666,0.001,8.6,19.1,7.6,0,0,STABLE
709,13.64,21.79,0.848,0.37,26.5,44.9,33.2,1,0,MODERATE_RISK
710,11.31,13.47,0.5,0.312,41.7,36.4,45.0,1,0,MODERATE_RISK
711,1.11,-0.2,0.271,0.119,18.6,19.6,8.5,1,0,STABLE
712,0.0,2.71,0.358,0.043,16.1,11.8,19.8,0,0,STABLE
713,3.86,-13.33,0.29,0.109,18.1,19.1,17.1,1,0,STABLE
714,11.3,20.37,0.639,0.279,34.3,30.7,44.2,1,0,MODERATE_RISK
715,0.0,1.17,0.166,0.033,12.0,11.5,17.0,0,0,STABLE
716,7.79,8.25,0.771,0.213,25.3,40.9,34.5,1,0,MODERATE_RISK
717,1.53,8.41,0.412,0.146,19.5,8.2,17.2,0,0,STABLE
718,0.0,7.74,0.659,0.013,12.7,18.8,18.6,0,0,STABLE
719,0.0,2.51,0.681,0.137,7.5,6.8,6.3,1,0,STABLE
720,0.0,-7.71,0.459,0.011,8.4,19.0,18.6,0,0,STABLE
721,5.28,-4.91,0.265,0.136,14.5,6.1,18.6,1,0,STABLE
722,0.0,2.25,0.336,0.027,13.7,19.4,12.5,0,0,STABLE
723,18.54,12.55,0.652,0.248,28.8,40.4,30.3,2,0,MODERATE_RISK
724,0.85,-6.9,0.666,0.14,8.1,10.4,7.2,0,0,STABLE
725,13.15,5.0,0.814,0.402,25.1,31.4,33.4,1,0,MODERATE_RISK
726,2.32,-0.38,0.258,0.008,8.5,17.0,17.8,0,0,STABLE
727,10.51,9.28,0.56,0.295,43.2,37.3,33.2,2,0,MODERATE_RISK
728,2.96,-4.63,0.469,0.006,11.0,14.7,15.5,0,0,STABLE
729,1.54,-2.44,0.177,0.142,12.1,9.8,16.5,0,0,STABLE
730,2.88,2.0,0.504,0.007,13.5,16.4,7.0,0,0,STABLE
731,25.0,32.09,0.851,0.828,55.8,63.5,66.9,4,1,CRITICAL_DOOM
732,25.0,52.45,0.974,0.757,53.9,53.2,71.1,3,1,CRITICAL_DOOM
733,6.94,14.18,0.711,0.215,33.3,35.9,33.7,2,0,MODERATE_RISK
734,39.32,31.18,0.972,0.834,70.3,57.6,60.7,3,1,CRITICAL_DOOM
735,0.0,-2.14,0.15,0.139,13.7,15.0,18.7,0,0,STABLE
736,16.52,18.76,0.623,0.294,35.7,25.0,29.8,1,0,MODERATE_RISK
737,0.14,4.45,0.215,0.076,18.0,8.6,6.2,0,0,STABLE
738,48.52,47.1,0.975,0.817,63.1,62.3,51.0,4,1,CRITICAL_DOOM
739,3.32,-2.68,0.271,0.088,13.8,11.7,17.5,0,0,STABLE
740,24.18,17.81,0.774,0.299,37.9,28.0,43.7,1,0,MODERATE_RISK
741,46.44,44.64,0.919,0.872,59.5,62.3,53.0,4,1,CRITICAL_DOOM
742,2.09,3.76,0.506,0.117,7.0,14.0,5.5,0,0,STABLE
743,0.57,-3.49,0.359,0.093,6.1,12.6,7.7,0,0,STABLE
744,22.22,17.35,0.617,0.391,33.7,34.7,38.0,1,0,MODERATE_RISK
745,6.4,20.69,0.53,0.223,43.5,38.8,27.5,1,0,MODERATE_RISK
746,16.05,13.34,0.503,0.25,44.2,37.3,30.2,1,0,MODERATE_RISK
747,3.46,-0.3,0.35,0.108,18.8,11.1,7.9,0,0,STABLE
748,43.28,62.67,0.968,0.549,61.0,72.0,60.3,3,1,CRITICAL_DOOM
749,0.0,-3.74,0.667,0.042,11.9,15.1,7.4,0,0,STABLE
750,40.62,54.52,0.937,0.551,73.4,53.3,69.4,2,1,CRITICAL_DOOM
751,45.63,53.26,0.878,0.677,63.5,69.2,52.6,4,1,CRITICAL_DOOM
752,44.29,39.4,0.917,0.685,54.4,64.5,68.2,3,1,CRITICAL_DOOM
753,19.36,21.07,0.518,0.415,34.2,30.2,29.8,1,0,MODERATE_RISK
754,49.03,38.28,0.863,0.69,74.8,69.3,55.3,3,1,CRITICAL_DOOM
755,6.16,-0.79,0.563,0.034,18.8,13.9,10.7,0,0,STABLE
756,10.79,31.95,0.677,0.244,41.3,35.8,27.6,2,0,MODERATE_RISK
757,36.81,50.09,0.868,0.707,48.4,73.3,54.6,2,1,CRITICAL_DOOM
758,20.28,12.01,0.66,0.243,30.3,35.2,27.9,2,0,MODERATE_RISK
759,15.43,15.84,0.819,0.437,29.9,27.6,31.0,2,0,MODERATE_RISK
760,37.16,51.13,0.851,0.677,46.4,63.6,58.5,3,1,CRITICAL_DOOM
761,15.87,20.11,0.652,0.405,43.1,27.4,35.6,1,0,MODERATE_RISK
762,4.57,2.59,0.198,0.122,17.8,18.7,9.0,1,0,STABLE
763,0.12,1.29,0.126,0.108,11.7,8.8,7.9,0,0,STABLE
764,0.66,-3.86,0.391,0.053,9.8,19.5,14.6,0,0,STABLE
765,12.1,19.3,0.533,0.39,37.1,36.4,26.1,1,0,MODERATE_RISK
766,14.1,6.21,0.691,0.271,44.0,41.8,39.4,1,0,MODERATE_RISK
767,0.0,0.89,0.687,0.024,12.3,10.5,14.6,0,0,STABLE
768,16.85,13.01,0.514,0.428,41.7,31.0,40.8,1,0,MODERATE_RISK
769,25.0,47.58,0.897,0.527,74.7,51.0,66.4,3,1,CRITICAL_DOOM
770,39.64,28.77,0.913,0.781,47.0,54.8,55.4,4,1,CRITICAL_DOOM
771,0.0,2.46,0.617,0.141,12.8,10.3,8.5,0,0,STABLE
772,3.37,9.39,0.666,0.059,15.4,12.3,12.7,0,0,STABLE
773,23.26,13.43,0.829,0.282,25.8,34.9,35.9,1,0,MODERATE_RISK
774,40.36,42.62,0.942,0.682,61.2,71.2,62.0,3,1,CRITICAL_DOOM
775,7.54,16.97,0.815,0.369,37.7,27.0,37.1,1,0,MODERATE_RISK
776,0.0,3.74,0.453,0.013,11.5,7.6,19.8,0,0,STABLE
777,10.75,13.32,0.842,0.272,33.5,38.0,25.5,2,0,MODERATE_RISK
778,12.82,14.28,0.557,0.424,38.7,30.0,26.3,2,0,MODERATE_RISK
779,5.41,7.78,0.576,0.367,44.4,28.5,36.9,1,0,MODERATE_RISK
780,17.6,11.73,0.67,0.336,31.1,28.6,26.7,2,0,MODERATE_RISK
781,0.0,7.29,0.349,0.07,10.5,6.5,9.6,0,0,STABLE
782,12.33,5.0,0.568,0.253,25.5,42.9,29.2,1,0,MODERATE_RISK
783,3.0,-2.58,0.145,0.02,14.7,10.1,15.6,0,0,STABLE
784,0.0,2.29,0.422,0.066,9.0,14.1,18.1,1,0,STABLE
785,7.05,12.11,0.59,0.32,32.3,43.3,32.4,1,0,MODERATE_RISK
786,3.35,5.03,0.469,0.05,17.3,5.6,18.1,0,0,STABLE
787,8.27,0.86,0.108,0.131,11.7,10.1,7.1,0,0,STABLE
788,22.36,9.59,0.647,0.44,37.0,41.1,27.2,1,0,MODERATE_RISK
789,5.27,1.84,0.147,0.011,17.8,8.2,15.0,0,0,STABLE
790,43.15,45.82,0.904,0.631,63.2,73.3,70.9,4,1,CRITICAL_DOOM
791,2.76,-2.59,0.592,0.043,8.6,16.8,5.8,0,0,STABLE
792,22.37,17.65,0.624,0.353,36.7,36.0,37.8,1,0,MODERATE_RISK
793,1.12,-0.62,0.4,0.126,15.5,16.8,10.3,0,0,STABLE
794,2.41,1.1,0.2,0.007,16.7,8.8,17.4,0,0,STABLE
795,51.88,35.25,0.91,0.752,58.5,54.7,62.7,3,1,CRITICAL_DOOM
796,44.81,57.24,0.865,0.788,60.0,72.4,73.0,2,1,CRITICAL_DOOM
797,37.13,41.22,0.92,0.559,67.4,50.2,54.2,3,1,CRITICAL_DOOM
798,39.92,49.86,0.937,0.658,45.0,53.0,63.4,3,1,CRITICAL_DOOM
799,14.83,25.48,0.526,0.248,41.8,39.5,42.9,1,0,MODERATE_RISK
800,30.01,50.19,0.925,0.862,54.6,66.8,54.7,3,1,CRITICAL_DOOM
801,0.01,-3.11,0.207,0.135,11.0,8.7,11.7,0,0,STABLE
802,37.53,49.47,0.962,0.726,49.7,67.3,62.8,3,1,CRITICAL_DOOM
803,45.24,43.66,0.948,0.695,63.1,58.1,74.6,3,1,CRITICAL_DOOM
804,5.21,-5.03,0.134,0.004,11.8,10.0,11.6,0,0,STABLE
805,2.45,8.85,0.22,0.048,13.9,6.1,7.2,0,0,STABLE
806,44.56,53.17,0.943,0.768,59.3,66.1,51.0,3,1,CRITICAL_DOOM
807,25.0,45.06,0.886,0.757,65.8,71.8,58.6,4,1,CRITICAL_DOOM
808,14.37,21.15,0.681,0.344,40.0,44.3,26.5,1,0,MODERATE_RISK
809,56.57,51.03,0.913,0.537,68.0,68.7,57.8,3,1,CRITICAL_DOOM
810,42.61,29.91,0.972,0.771,57.4,67.2,58.6,2,1,CRITICAL_DOOM
811,43.91,57.8,0.896,0.52,45.9,63.9,69.1,3,1,CRITICAL_DOOM
812,37.24,41.67,0.881,0.679,47.2,73.9,55.6,4,1,CRITICAL_DOOM
813,14.17,16.82,0.826,0.201,40.0,43.1,27.8,1,0,MODERATE_RISK
814,14.36,19.43,0.685,0.235,25.0,41.2,26.8,2,0,MODERATE_RISK
815,43.0,33.99,0.86,0.742,49.9,68.4,57.5,3,1,CRITICAL_DOOM
816,16.67,10.64,0.606,0.366,28.2,38.8,27.6,1,0,MODERATE_RISK
817,0.0,4.53,0.629,0.134,7.9,14.2,6.3,0,0,STABLE
818,47.37,59.98,0.887,0.651,48.1,68.0,62.6,4,1,CRITICAL_DOOM
819,0.0,-3.96,0.115,0.051,17.0,18.5,12.8,0,0,STABLE
820,1.95,3.73,0.305,0.139,5.4,13.7,13.2,0,0,STABLE
821,20.45,20.19,0.5,0.434,28.3,29.7,30.3,1,0,MODERATE_RISK
822,4.17,2.79,0.254,0.003,8.3,5.8,6.6,0,0,STABLE
823,0.0,1.43,0.664,0.136,13.5,10.3,10.7,0,0,STABLE
824,47.09,43.46,0.973,0.634,61.8,52.4,55.0,3,1,CRITICAL_DOOM
825,8.72,-2.76,0.515,0.057,18.0,13.5,11.6,0,0,STABLE
826,16.08,22.0,0.791,0.324,27.4,25.3,31.1,2,0,MODERATE_RISK
827,37.68,26.08,0.905,0.664,51.9,53.4,54.9,2,1,CRITICAL_DOOM
828,0.34,-3.39,0.315,0.001,17.6,5.5,19.1,1,0,STABLE
829,24.27,18.5,0.635,0.362,25.9,26.1,34.1,1,0,MODERATE_RISK
830,34.19,31.95,0.891,0.66,49.5,62.6,70.0,3,1,CRITICAL_DOOM
831,16.33,19.74,0.672,0.264,42.7,36.5,29.4,1,0,MODERATE_RISK
832,40.33,41.36,0.901,0.697,71.4,60.3,63.4,2,1,CRITICAL_DOOM
833,4.37,-3.48,0.173,0.017,11.2,14.7,15.7,0,0,STABLE
834,0.19,2.99,0.593,0.115,14.0,10.1,8.9,0,0,STABLE
835,5.0,21.56,0.666,0.291,37.8,43.0,28.3,1,0,MODERATE_RISK
836,6.25,4.09,0.659,0.042,19.3,5.9,14.0,0,0,STABLE
837,54.28,48.58,0.958,0.56,46.2,72.0,57.9,2,1,CRITICAL_DOOM
838,11.98,15.51,0.596,0.208,33.4,42.9,44.7,2,0,MODERATE_RISK
839,2.11,4.64,0.192,0.138,16.4,16.0,15.6,0,0,STABLE
840,0.0,3.8,0.363,0.117,16.8,11.8,16.9,0,0,STABLE
841,10.23,9.56,0.61,0.229,30.5,29.2,34.1,2,0,MODERATE_RISK
842,4.88,5.51,0.157,0.138,13.5,10.5,16.3,0,0,STABLE
843,24.37,10.28,0.577,0.369,40.4,34.5,37.4,1,0,MODERATE_RISK
844,47.87,44.92,0.954,0.664,51.9,60.2,70.7,2,1,CRITICAL_DOOM
845,11.31,21.74,0.725,0.261,27.2,40.9,27.0,1,0,MODERATE_RISK
846,39.11,44.55,0.977,0.607,46.2,67.6,61.3,2,1,CRITICAL_DOOM
847,45.79,51.24,0.902,0.635,52.0,62.0,63.8,3,1,CRITICAL_DOOM
848,0.0,0.06,0.369,0.086,11.5,11.2,16.0,0,0,STABLE
849,42.99,30.75,0.926,0.648,59.6,57.8,53.5,2,1,CRITICAL_DOOM
850,5.36,6.1,0.67,0.109,5.8,18.3,17.9,0,0,STABLE
851,14.15,17.59,0.817,0.221,28.8,33.8,36.7,2,0,MODERATE_RISK
852,33.88,43.73,0.954,0.742,51.0,62.4,68.6,4,1,CRITICAL_DOOM
853,9.15,25.37,0.598,0.383,29.8,28.4,35.6,1,0,MODERATE_RISK
854,15.65,10.12,0.599,0.2,27.5,43.7,42.3,1,0,MODERATE_RISK
855,40.88,45.83,0.899,0.773,46.9,59.9,74.1,3,1,CRITICAL_DOOM
856,3.09,-1.72,0.487,0.056,19.3,5.3,9.6,1,0,STABLE
857,2.68,-5.6,0.594,0.015,19.1,16.9,7.7,0,0,STABLE
858,6.06,-0.87,0.678,0.019,11.3,12.2,10.6,0,0,STABLE
859,0.11,8.32,0.217,0.122,17.0,12.3,9.5,0,0,STABLE
860,4.35,-2.59,0.124,0.014,5.1,7.3,6.0,1,0,STABLE
861,0.68,-1.38,0.662,0.078,10.5,18.1,10.9,0,0,STABLE
862,0.0,-3.02,0.506,0.043,13.7,6.0,7.9,0,0,STABLE
863,50.1,33.68,0.883,0.551,46.8,57.6,53.9,2,1,CRITICAL_DOOM
864,38.3,41.85,0.899,0.703,61.9,57.8,57.4,4,1,CRITICAL_DOOM
865,35.73,52.53,0.922,0.644,48.8,64.7,63.1,2,1,CRITICAL_DOOM
866,16.01,22.93,0.534,0.337,39.1,40.9,37.6,1,0,MODERATE_RISK
867,25.0,35.78,0.937,0.586,62.7,72.8,69.9,4,1,CRITICAL_DOOM
868,46.52,42.42,0.883,0.892,63.4,69.8,52.1,2,1,CRITICAL_DOOM
869,48.44,29.2,0.94,0.637,48.2,51.7,64.7,3,1,CRITICAL_DOOM
870,25.0,48.39,0.902,0.511,55.1,74.4,71.8,3,1,CRITICAL_DOOM
871,13.01,22.0,0.506,0.219,35.2,44.4,38.9,1,0,MODERATE_RISK
872,3.74,2.84,0.471,0.097,5.4,17.4,16.8,0,0,STABLE
873,33.77,40.08,0.894,0.667,60.3,61.9,56.8,2,1,CRITICAL_DOOM
874,6.1,10.09,0.803,0.387,42.2,34.9,27.6,2,0,MODERATE_RISK
875,0.0,0.61,0.595,0.019,18.5,18.0,12.0,0,0,STABLE
876,12.49,23.08,0.775,0.316,43.8,34.7,34.3,2,0,MODERATE_RISK
877,27.64,47.2,0.911,0.887,67.6,70.3,50.8,3,1,CRITICAL_DOOM
878,14.79,21.94,0.569,0.279,30.6,35.6,26.0,1,0,MODERATE_RISK
879,35.08,39.97,0.909,0.707,67.9,61.2,69.7,3,1,CRITICAL_DOOM
880,1.35,-3.71,0.338,0.112,13.7,10.8,7.6,0,0,STABLE
881,16.61,5.0,0.56,0.366,42.1,30.2,34.8,2,0,MODERATE_RISK
882,0.0,1.75,0.464,0.013,19.4,15.7,16.8,0,0,STABLE
883,19.63,14.06,0.835,0.325,43.6,36.7,35.8,1,0,MODERATE_RISK
884,0.0,1.77,0.369,0.147,10.3,11.8,7.0,0,0,STABLE
885,50.12,49.11,0.869,0.729,52.6,55.7,50.3,2,1,CRITICAL_DOOM
886,0.0,-0.57,0.219,0.088,6.0,17.9,19.4,0,0,STABLE
887,14.17,14.3,0.645,0.268,29.1,38.1,33.3,1,0,MODERATE_RISK
888,19.53,16.2,0.541,0.396,38.5,27.3,38.9,1,0,MODERATE_RISK
889,41.02,35.54,0.9,0.883,54.9,74.1,72.5,2,1,CRITICAL_DOOM
890,44.91,25.0,0.888,0.506,51.6,57.0,61.1,2,1,CRITICAL_DOOM
891,34.0,47.47,0.935,0.761,73.7,50.1,56.2,4,1,CRITICAL_DOOM
892,45.49,52.77,0.862,0.706,51.9,54.5,70.3,2,1,CRITICAL_DOOM
893,7.75,16.26,0.611,0.306,31.2,30.6,44.4,1,0,MODERATE_RISK
894,36.1,49.66,0.874,0.761,66.4,67.2,58.0,2,1,CRITICAL_DOOM
895,37.35,53.0,0.96,0.681,57.7,53.9,60.7,3,1,CRITICAL_DOOM
896,6.39,-0.16,0.508,0.095,18.6,5.3,13.4,0,0,STABLE
897,9.85,12.59,0.811,0.318,42.6,36.7,38.5,2,0,MODERATE_RISK
898,15.67,5.0,0.781,0.293,32.8,26.9,43.3,1,0,MODERATE_RISK
899,5.41,5.52,0.738,0.217,36.9,40.4,41.6,1,0,MODERATE_RISK
900,44.49,48.32,0.913,0.717,72.6,72.5,61.2,2,1,CRITICAL_DOOM
901,0.0,-2.19,0.261,0.129,6.0,15.2,7.6,0,0,STABLE
902,4.68,-2.07,0.631,0.033,12.0,12.1,18.1,0,0,STABLE
903,18.54,17.68,0.503,0.301,43.1,39.8,35.9,1,0,MODERATE_RISK
904,8.41,2.13,0.351,0.107,17.9,7.3,11.8,0,0,STABLE
905,17.65,7.2,0.807,0.305,43.2,44.9,27.1,1,0,MODERATE_RISK
906,47.62,45.09,0.853,0.742,53.3,71.6,57.1,3,1,CRITICAL_DOOM
907,5.89,10.81,0.783,0.4,34.1,37.1,37.1,2,0,MODERATE_RISK
908,9.26,9.56,0.688,0.312,33.8,26.8,39.4,1,0,MODERATE_RISK
909,0.0,-0.83,0.45,0.056,11.7,13.1,8.1,0,0,STABLE
910,25.0,30.19,0.855,0.699,61.6,64.0,67.7,2,1,CRITICAL_DOOM
911,1.98,-3.51,0.229,0.009,9.9,7.2,15.6,0,0,STABLE
912,3.16,-3.71,0.302,0.088,9.7,6.3,8.3,0,0,STABLE
913,7.76,20.02,0.504,0.33,37.1,44.3,36.8,1,0,MODERATE_RISK
914,8.4,10.47,0.592,0.326,39.9,35.1,26.4,2,0,MODERATE_RISK
915,45.79,32.5,0.905,0.856,70.4,63.1,67.3,4,1,CRITICAL_DOOM
916,19.47,10.16,0.577,0.297,42.3,39.5,33.1,1,0,MODERATE_RISK
917,0.0,-1.22,0.546,0.038,11.8,10.8,19.7,0,0,STABLE
918,2.54,-2.26,0.46,0.063,11.5,5.8,12.7,0,0,STABLE
919,2.69,-2.36,0.218,0.038,7.6,19.4,17.8,0,0,STABLE
920,1.88,-4.9,0.112,0.101,12.8,18.5,7.5,0,0,STABLE
921,35.87,35.2,0.872,0.602,52.9,63.9,60.3,4,1,CRITICAL_DOOM
922,0.0,5.65,0.186,0.129,9.6,14.9,13.5,0,0,STABLE
923,11.95,16.38,0.734,0.424,26.2,27.8,39.3,1,0,MODERATE_RISK
924,14.11,8.21,0.544,0.319,40.3,30.2,34.6,2,0,MODERATE_RISK
925,12.57,21.9,0.769,0.21,27.5,29.1,33.0,2,0,MODERATE_RISK
926,5.9,4.84,0.452,0.054,13.7,10.1,6.3,1,0,STABLE
927,5.03,-4.33,0.297,0.059,8.9,10.1,11.2,0,0,STABLE
928,27.33,15.58,0.822,0.212,36.5,42.1,29.8,2,0,MODERATE_RISK
929,2.69,1.49,0.494,0.066,5.7,18.8,12.1,0,0,STABLE
930,8.67,14.69,0.575,0.216,36.5,37.4,35.1,2,0,MODERATE_RISK
931,32.26,62.09,0.924,0.76,55.5,72.9,53.3,3,1,CRITICAL_DOOM
932,1.17,-1.69,0.324,0.032,13.8,11.6,5.5,0,0,STABLE
933,46.91,54.39,0.941,0.624,48.0,56.8,70.8,4,1,CRITICAL_DOOM
934,17.93,5.0,0.526,0.436,32.3,43.3,40.6,2,0,MODERATE_RISK
935,21.3,23.04,0.72,0.338,44.7,39.6,40.5,2,0,MODERATE_RISK
936,1.89,-2.42,0.408,0.124,11.7,13.6,12.9,0,0,STABLE
937,12.34,16.91,0.708,0.348,28.3,27.5,44.6,1,0,MODERATE_RISK
938,3.5,-2.93,0.466,0.097,6.3,18.4,10.8,0,0,STABLE
939,19.02,13.18,0.825,0.276,42.3,40.6,43.6,1,0,MODERATE_RISK
940,17.99,11.67,0.502,0.341,31.8,31.5,37.9,2,0,MODERATE_RISK
941,11.75,19.04,0.682,0.313,25.2,36.1,38.2,1,0,MODERATE_RISK
942,32.31,46.17,0.865,0.739,53.2,52.0,60.7,3,1,CRITICAL_DOOM
943,4.63,6.37,0.3,0.113,14.7,14.6,13.3,0,0,STABLE
944,16.79,14.06,0.786,0.347,30.0,29.1,31.8,1,0,MODERATE_RISK
945,0.0,1.23,0.687,0.016,19.0,18.7,12.9,0,0,STABLE
946,6.7,22.15,0.605,0.345,35.0,36.6,30.7,1,0,MODERATE_RISK
947,0.0,4.52,0.623,0.073,9.6,12.8,10.7,0,0,STABLE
948,5.94,-2.79,0.318,0.125,11.8,15.8,6.6,0,0,STABLE
949,34.28,41.22,0.891,0.89,52.7,61.4,50.8,3,1,CRITICAL_DOOM
950,14.12,18.75,0.787,0.337,25.8,31.3,36.5,2,0,MODERATE_RISK
951,32.28,38.06,0.876,0.869,70.6,69.4,59.8,3,1,CRITICAL_DOOM
952,14.17,5.0,0.511,0.233,42.7,40.0,33.5,1,0,MODERATE_RISK
953,4.48,3.81,0.558,0.108,8.1,10.1,12.0,0,0,STABLE
954,31.16,40.97,0.902,0.892,51.8,65.3,60.8,2,1,CRITICAL_DOOM
955,14.62,26.38,0.805,0.272,26.7,43.7,32.6,1,0,MODERATE_RISK
956,47.5,35.35,0.868,0.617,49.3,70.3,55.6,4,1,CRITICAL_DOOM
957,58.06,62.4,0.91,0.63,59.3,65.1,74.6,4,1,CRITICAL_DOOM
958,37.34,54.91,0.935,0.858,56.8,74.0,60.4,3,1,CRITICAL_DOOM
959,39.13,61.74,0.885,0.811,61.6,66.5,58.1,3,1,CRITICAL_DOOM
960,7.55,12.56,0.837,0.328,39.7,33.2,32.1,1,0,MODERATE_RISK
961,24.13,27.36,0.674,0.234,34.9,28.4,27.5,2,0,MODERATE_RISK
962,8.8,25.13,0.818,0.359,40.4,32.4,44.2,2,0,MODERATE_RISK
963,33.67,37.25,0.887,0.608,70.7,50.8,51.9,2,1,CRITICAL_DOOM
964,4.1,-1.52,0.438,0.001,11.4,11.1,6.7,0,0,STABLE
965,45.74,54.36,0.85,0.882,69.4,72.6,50.4,4,1,CRITICAL_DOOM
966,43.75,63.2,0.973,0.677,63.0,61.9,73.3,2,1,CRITICAL_DOOM
967,19.1,18.92,0.704,0.427,43.8,26.3,33.0,1,0,MODERATE_RISK
968,4.62,1.31,0.608,0.019,6.4,13.8,13.0,0,0,STABLE
969,36.71,52.08,0.966,0.654,67.1,61.9,53.1,4,1,CRITICAL_DOOM
970,10.13,23.21,0.507,0.225,34.9,38.8,31.7,2,0,MODERATE_RISK
971,13.65,26.35,0.82,0.322,34.0,29.0,31.2,1,0,MODERATE_RISK
972,9.88,8.65,0.77,0.282,29.8,28.4,40.5,1,0,MODERATE_RISK
973,23.9,15.44,0.722,0.403,25.9,30.9,30.6,1,0,MODERATE_RISK
974,2.67,-6.79,0.498,0.057,15.8,10.0,9.4,0,0,STABLE
975,1.55,-2.09,0.666,0.108,6.3,17.7,16.0,0,0,STABLE
976,26.99,40.26,0.917,0.72,61.1,64.1,73.7,4,1,CRITICAL_DOOM
977,35.83,40.36,0.914,0.839,60.2,68.7,53.5,2,1,CRITICAL_DOOM
978,34.39,34.82,0.884,0.64,66.2,59.2,63.9,2,1,CRITICAL_DOOM
979,49.6,32.3,0.944,0.584,71.5,65.4,60.7,2,1,CRITICAL_DOOM
980,31.92,51.64,0.894,0.824,65.9,69.1,61.0,4,1,CRITICAL_DOOM
981,3.69,-3.89,0.686,0.047,11.9,15.1,13.1,0,0,STABLE
982,42.58,48.97,0.935,0.843,48.4,58.7,71.9,2,1,CRITICAL_DOOM
983,3.59,2.83,0.198,0.128,15.3,12.8,17.5,0,0,STABLE
984,2.13,-6.34,0.419,0.121,16.9,13.7,16.7,0,0,STABLE
985,4.45,-3.23,0.346,0.131,9.5,5.2,9.5,0,0,STABLE
986,5.16,1.39,0.647,0.04,11.9,13.2,19.2,1,0,STABLE
987,0.0,6.74,0.105,0.001,11.9,12.3,5.3,0,0,STABLE
988,0.0,3.16,0.2,0.061,8.5,13.0,8.0,0,0,STABLE
989,5.49,4.13,0.166,0.07,6.1,14.0,9.0,0,0,STABLE
990,14.46,19.73,0.704,0.3,44.0,40.5,30.7,2,0,MODERATE_RISK
991,16.0,17.45,0.566,0.375,30.8,30.9,30.9,2,0,MODERATE_RISK
992,0.15,-4.39,0.386,0.007,19.6,15.7,9.8,0,0,STABLE
993,8.96,17.16,0.566,0.415,30.1,32.6,42.4,2,0,MODERATE_RISK
994,1.71,7.92,0.588,0.143,18.9,18.6,12.7,0,0,STABLE
995,17.52,17.09,0.572,0.43,41.3,44.6,42.6,1,0,MODERATE_RISK
996,0.99,-1.51,0.469,0.121,18.5,14.4,5.1,0,0,STABLE
997,2.07,-8.11,0.126,0.052,7.7,14.7,12.0,0,0,STABLE
998,22.63,15.73,0.695,0.432,32.6,34.3,26.8,2,0,MODERATE_RISK
999,2.48,-3.88,0.419,0.011,15.5,14.4,7.8,0,0,STABLE
1000,25.0,51.7,0.892,0.744,73.2,66.8,51.9,3,1,CRITICAL_DOOM
